Item,Start Date ,Start Time,End Date,End Time,Component,Description,"Duration of Downtime
(hours - hh:mm)",,,,
1,1-Jan,8:34,1-Jan,8:50,MD5,Insulation failure,0:16:00,,,,
2,1-Jan,12:16,1-Jan,12:17,MC2,Insulation failure,0:01:00,,,,
3,1-Jan,12:53,1-Jan,13:23,MC2,Insulation failure,0:30:00,,,,
4,3-Jan,17:06,3-Jan,17:13,MB6,Insulation failure,0:07:00,,,,
5,4-Jan,17:02,4-Jan,17:10,MB3,Insulation failure,0:08:00,,,,
6,5-Jan,8:12,5-Jan,8:21,MB5,Insulation failure,0:09:00,,,,
7,6-Jan,11:37,6-Jan,18:40,MD1-MD6,Feeder H04 tripped due to OCEF relay triggered,7:03:00,,,,
8,7-Jan,7:34,7-Jan,14:15,MD1-MD6,Feeder H04 tripped due to OCEF relay triggered,6:41:00,,,,
9,7-Jan,14:21,7-Jan,14:23,MB3,Insulation failure,0:02:00,,,,
10,7-Jan,15:07,7-Jan,15:40,MB3,Insulation failure,0:33:00,,,,
11,12-Jan,7:25,12-Jan,7:52,MB5,Insulation failure,0:27:00,,,,
12,12-Jan,8:15,12-Jan,8:32,MB5,Insulation failure,0:17:00,,,,
13,18-Jan,16:03,18-Jan,16:18,MC4,Insulation failure,0:15:00,,,,
14,19-Jan,7:26,19-Jan,9:17,MD3,Insulation failure,1:51:00,,,,
15,19-Jan,8:02,19-Jan,8:06,MA1,Insulation failure,0:04:00,,,,
16,19-Jan,8:42,19-Jan,9:03,MA1,Insulation failure,0:21:00,,,,
17,23-Jan,9:08,23-Jan,9:36,MC4,Insulation failure,0:28:00,,,,
18,24-Jan,8:22,24-Jan,8:26,MC5,Insulation failure,0:04:00,,,,
19,26-Jan,8:24,26-Jan,8:32,MC5,Insulation failure,0:08:00,,,,
20,27-Jan,8:58,27-Jan,9:00,MC5,Insulation failure,0:02:00,,,,
21,28-Jan,8:20,28-Jan,8:35,MC5,Insulation failure,0:15:00,,,,
22,28-Jan,14:19,28-Jan,14:26,MC5,Insulation failure,0:07:00,,,,
23,29-Jan,8:00,29-Jan,8:12,MC3,Fast stop DC overcurrent triggered,0:12:00,,,,
24,29-Jan,8:29,29-Jan,8:36,MC3,Fast stop DC overcurrent triggered,0:07:00,,,,
25,30-Jan,7:43,30-Jan,7:55,MD6,Insulation failure,0:12:00,,,,
26,31-Jan,8:15,31-Jan,8:34,MD4,Grid overvoltage fast,0:19:00,,,,
27,31-Jan,8:32,31-Jan,8:35,MD5,Grid overvoltage fast,0:03:00,,,,
28,31-Jan,8:33,31-Jan,8:35,MB3,Grid overvoltage fast,0:02:00,,,,
29,31-Jan,8:34,31-Jan,8:35,MD6,Grid overvoltage fast,0:01:00,,,,
,1-Feb,18:18,1-Feb,19:25,MD4,"	Timeout in comm. for grid mgmt. spec., device switching off",1:07:00,,,,
,1-Feb,18:38,1-Feb,19:06,MD2,Insulation failure,0:28:00,,,,
,2-Feb,7:32,2-Feb,7:46,MD4,"	Timeout in comm. for grid mgmt. spec., device switching off",0:14:00,,,,
,2-Feb,7:32,2-Feb,7:47,MD5,Insulation failure,0:15:00,,,,
,2-Feb,18:42,2-Feb,19:32,MA5,Insulation failure,0:50:00,,,,
,3-Feb,8:36,3-Feb,8:55,MA5,Insulation failure,0:19:00,,,,
,3-Feb,19:02,3-Feb,19:24,MD5,Insulation failure,0:22:00,,,,
,4-Feb,7:41,4-Feb,8:09,MD5,Insulation failure,0:28:00,,,,
,4-Feb,8:26,4-Feb,9:09,MD5,Insulation failure,0:43:00,,,,
,4-Feb,9:16,4-Feb,9:28,MD5,Insulation failure,0:12:00,,,,
,4-Feb,9:23,4-Feb,9:27,MC5,Insulation failure,0:04:00,,,,
,4-Feb,9:31,4-Feb,9:56,MD5,Insulation failure,0:25:00,,,,
,5-Feb,16:05,5-Feb,16:12,MC5,Insulation failure,0:07:00,,,,
,6-Feb,12:28,6-Feb,12:35,MA1,Insulation failure,0:07:00,,,,
,6-Feb,12:43,6-Feb,12:59,MA1,Insulation failure,0:16:00,,,,
,6-Feb,13:29,6-Feb,13:33,MA1,Insulation failure,0:04:00,,,,
,8-Feb,7:51,8-Feb,7:57,MB5,Insulation failure,0:06:00,,,,
,9-Feb,17:55,9-Feb,17:56,MD4,Insulation failure,0:01:00,,,,
,12-Feb,8:46,12-Feb,8:54,MC3,Fast Stop DC overcurrent triggered,0:08:00,,,,
,13-Feb,8:47,13-Feb,8:48,MC3,Fast Stop DC overcurrent triggered,0:01:00,,,,
,13-Feb,9:01,13-Feb,9:07,MC3,Fast Stop DC overcurrent triggered,0:06:00,,,,
,15-Feb,8:15,15-Feb,8:32,MB2,Insulation failure,0:17:00,,,,
,16-Feb,18:58,16-Feb,19:26,MB2,Insulation failure,0:28:00,,,,
,17-Feb,7:54,17-Feb,8:22,MB2,Insulation failure,0:28:00,,,,
,20-Feb,11:08,20-Feb,11:20,MD4,Fast Stop feedback AC remote disconnect triggered,0:12:00,,,,
,21-Feb,7:38,21-Feb,7:40,MC6,Insulation failure,0:02:00,,,,
,21-Feb,8:05,21-Feb,8:15,MD4,Insulation failure,0:10:00,,,,
,21-Feb,8:33,21-Feb,8:38,MD4,Insulation failure,0:05:00,,,,
,21-Feb,9:03,21-Feb,9:04,MC6,Insulation failure,0:01:00,,,,
,21-Feb,9:22,21-Feb,9:23,MC6,Insulation failure,0:01:00,,,,
,21-Feb,10:03,21-Feb,10:06,MC6,Insulation failure,0:03:00,,,,
,21-Feb,10:20,21-Feb,10:24,MC6,Insulation failure,0:04:00,,,,
,21-Feb,10:33,21-Feb,10:36,MC6,Insulation failure,0:03:00,,,,
,21-Feb,12:33,21-Feb,12:34,MC6,Insulation failure,0:01:00,,,,
,21-Feb,13:14,21-Feb,13:16,MC6,Insulation failure,0:02:00,,,,
,21-Feb,14:16,21-Feb,14:19,MC6,Insulation failure,0:03:00,,,,
,21-Feb,14:58,21-Feb,14:58,MC6,Insulation failure,0:00:00,,,,
,24-Feb,8:39,24-Feb,8:40,MA6,Insulation failure,0:01:00,,,,
,25-Feb,13:33,25-Feb,13:36,MC3,Fast Stop DC overcurrent triggered,0:03:00,,,,
,25-Feb,13:49,25-Feb,17:56,MC3,Number of critical DC switching cycles reached,4:07:00,,,,
,27-Feb,8:06,27-Feb,9:59,MC3,Fast Stop DC overcurrent triggered,1:53:00,,,,
,28-Feb,8:20,28-Feb,8:57,MC3,Fast Stop DC overcurrent triggered,0:37:00,,,,
,28-Feb,9:05,28-Feb,9:45,MC3,Fast Stop DC overcurrent triggered,0:40:00,,,,
,28-Feb,13:22,28-Feb,13:25,MC3,Fast Stop DC overcurrent triggered,0:03:00,,,,
,28-Feb,13:33,28-Feb,13:34,MC3,Fast Stop DC overcurrent triggered,0:01:00,,,,
,28-Feb,13:53,28-Feb,13:57,MC3,Fast Stop DC overcurrent triggered,0:04:00,,,,
,29-Feb,13:36,29-Feb,13:37,MC3,Fast Stop DC overcurrent triggered,0:01:00,,,,
,29-Feb,14:06,29-Feb,14:50,MC3,Fast Stop DC overcurrent triggered,0:44:00,,,,
,5-Mar,7:58,5-Mar,8:20,MA2,Insulation failure,0:22:00,,,,
,5-Mar,8:42,5-Mar,8:58,MA6,Insulation failure,0:16:00,,,,
,5-Mar,9:05,5-Mar,9:21,MA6,Insulation failure,0:16:00,,,,
,5-Mar,14:55,5-Mar,14:57,MD2,Insulation failure,0:02:00,,,,
,7-Mar,17:09,7-Mar,17:37,MB2,Insulation failure,0:28:00,,,,
,7-Mar,17:16,7-Mar,17:45,MC1,Insulation failure,0:29:00,,,,
,7-Mar,18:23,7-Mar,18:27,MA1,Insulation failure,0:04:00,,,,
,7-Mar,18:32,7-Mar,19:00,MA5,Insulation failure,0:28:00,,,,
,8-Mar,8:45,8-Mar,8:52,MA5,Insulation failure,0:07:00,,,,
,8-Mar,16:49,8-Mar,17:17,MA5,Insulation failure,0:28:00,,,,
,9-Mar,7:37,9-Mar,7:44,MA2,Insulation failure,0:07:00,,,,
,9-Mar,8:27,9-Mar,8:46,MB4,Insulation failure,0:19:00,,,,
,12-Mar,10:56,12-Mar,10:57,MB6,Fast stop external triggered,0:01:00,,,,
,12-Mar,11:17,12-Mar,11:20,MB6,Fast stop external triggered,0:03:00,,,,
,14-Mar,13:54,14-Mar,14:35,MD4,SMA switch off inverter to replace faulty communication module,0:41:00,,,,
,16-Mar,8:36,16-Mar,8:46,MC4,Insulation failure,0:10:00,,,,
,20-Mar,8:14,20-Mar,8:42,MC4,Insulation failure,0:28:00,,,,
,21-Mar,8:23,21-Mar,9:58,MC3,Fast stop DC overcurrent triggered and number of critical DC switch cycles has reached,1:35:00,,,,
,21-Mar,10:18,21-Mar,10:25,MC3,Fast stop DC overcurrent triggered,0:07:00,,,,
,21-Mar,12:56,21-Mar,12:58,MB6,Fast stop external triggered,0:02:00,,,,
,24-Mar,7:29,24-Mar,7:38,MC4,Insulation failure,0:09:00,,,,
,24-Mar,11:32,24-Mar,11:38,MD3,Fast stop external triggered,0:06:00,,,,
,25-Mar,8:39,25-Mar,9:02,MC4,Insulation failure,0:23:00,,,,
,26-Mar,13:26,26-Mar,13:30,MA5,Insulation failure,0:04:00,,,,
,28-Mar,7:17,28-Mar,7:44,MC3,Insulation failure,0:27:00,,,,
,28-Mar,8:07,28-Mar,8:13,MC4,Insulation failure,0:06:00,,,,
,28-Mar,9:15,28-Mar,9:43,MC4,Insulation failure,0:28:00,,,,
,28-Mar,12:06,28-Mar,12:07,MB6,Fast stop external triggered,0:01:00,,,,
,29-Mar,7:16,29-Mar,7:29,MB3,Insulation failure,0:13:00,,,,
,30-Mar,11:59,30-Mar,12:01,MB6,Fast stop external triggered,0:02:00,,,,
,31-Mar,8:10,31-Mar,8:31,MC1,Insulation failure,0:21:00,,,,
,31-Mar,8:36,31-Mar,8:39,MC3,Fast stop DC overcurrent triggered,0:03:00,,,,
,31-Mar,8:59,31-Mar,9:02,MC3,Fast stop DC overcurrent triggered,0:03:00,,,,
,31-Mar,9:06,31-Mar,9:07,MC3,Fast stop DC overcurrent triggered,0:01:00,,,,
,31-Mar,9:11,31-Mar,9:15,MC3,Fast stop DC overcurrent triggered,0:04:00,,,,
,31-Mar,9:25,31-Mar,9:28,MC3,Fast stop DC overcurrent triggered,0:03:00,,,,
,31-Mar,9:32,31-Mar,9:44,MC3,Fast stop DC overcurrent triggered,0:12:00,,,,
,9-Apr,11:07,9-Apr,11:11,MB6,Fast stop external triggered,0:04,,,,
,11-Apr,8:05,11-Apr,8:08,MC3,Fast stop DC overcurrent triggered,0:03,,,,
,11-Apr,8:28,11-Apr,8:35,MC3,Fast stop DC overcurrent triggered,0:07,,,,
,14-Apr,17:07,14-Apr,17:11,MA2,Insulation failure,0:04,,,,
,15-Apr,8:23,15-Apr,8:31,MD6,Insulation failure,0:08,,,,
,16-Apr,7:18,16-Apr,7:23,MC2,Insulation failure,0:05,,,,
,16-Apr,8:19,16-Apr,8:20,MC2,Insulation failure,0:01,,,,
,16-Apr,8:41,16-Apr,8:46,MC2,Insulation failure,0:05,,,,
,16-Apr,16:05,16-Apr,16:08,MB5,Insulation failure,0:03,,,,
,16-Apr,17:19,16-Apr,17:47,MB1,Insulation failure,0:28,,,,
,16-Apr,17:35,16-Apr,18:04,MA5,Insulation failure,0:29,,,,
,16-Apr,17:50,16-Apr,18:19,MD2,Insulation failure,0:29,,,,
,16-Apr,17:58,16-Apr,18:26,MB2,Insulation failure,0:28,,,,
,16-Apr,18:00,16-Apr,18:27,MA6,Insulation failure,0:27,,,,
,16-Apr,18:08,16-Apr,18:36,MA5,Insulation failure,0:28,,,,
,16-Apr,18:24,16-Apr,18:48,MA1,Insulation failure,0:24,,,,
,16-Apr,18:43,16-Apr,18:47,MA6,Insulation failure,0:04,,,,
,16-Apr,18:51,16-Apr,19:14,MA5,Insulation failure,0:23,,,,
,16-Apr,18:55,16-Apr,19:14,MA6,Insulation failure,0:19,,,,
,16-Apr,18:59,16-Apr,19:14,MC5,Insulation failure,0:15,,,,
,17-Apr,7:01,17-Apr,7:22,MA1,Insulation failure,0:21,,,,
,17-Apr,7:01,17-Apr,7:23,MA5,Insulation failure,0:22,,,,
,17-Apr,7:01,17-Apr,7:25,MD1,Insulation failure,0:24,,,,
,17-Apr,7:02,17-Apr,7:09,MA3,Insulation failure,0:07,,,,
,17-Apr,7:05,17-Apr,7:06,MA4,Insulation failure,0:01,,,,
,17-Apr,7:05,17-Apr,7:25,MC5,Insulation failure,0:20,,,,
,17-Apr,7:13,17-Apr,7:24,MA6,Insulation failure,0:11,,,,
,17-Apr,7:24,17-Apr,7:34,MD2,Insulation failure,0:10,,,,
,17-Apr,7:35,17-Apr,7:36,MA6,Insulation failure,0:01,,,,
,17-Apr,7:41,17-Apr,7:42,MA6,Insulation failure,0:01,,,,
,17-Apr,7:42,17-Apr,7:52,MD2,Insulation failure,0:10,,,,
,17-Apr,7:46,17-Apr,7:47,MA5,Insulation failure,0:01,,,,
,17-Apr,8:01,17-Apr,8:03,MA5,Insulation failure,0:02,,,,
,17-Apr,8:05,17-Apr,8:10,MA6,Insulation failure,0:05,,,,
,17-Apr,8:12,17-Apr,8:13,MD2,Insulation failure,0:01,,,,
,17-Apr,9:37,17-Apr,9:39,MA3,Insulation failure,0:02,,,,
,17-Apr,9:53,17-Apr,10:09,MA3,Insulation failure,0:16,,,,
,18-Apr,7:34,18-Apr,7:38,MD3,Insulation failure,0:04,,,,
,18-Apr,8:13,18-Apr,8:19,MD2,Insulation failure,0:06,,,,
,18-Apr,8:40,18-Apr,9:18,MD1,Insulation failure,0:38,,,,
,18-Apr,9:16,18-Apr,9:19,MD2,Insulation failure,0:03,,,,
,22-Apr,7:08,22-Apr,7:38,MD3,Insulation failure,0:30,,,,
,22-Apr,9:54,22-Apr,10:50,MB6,Insulation failure,0:56,,,,
,22-Apr,18:14,22-Apr,18:35,MB4,Insulation failure,0:21,,,,
,24-Apr,15:51,24-Apr,15:52,MD4,Insulation failure,0:01,,,,
,24-Apr,16:17,24-Apr,16:18,MD4,Insulation failure,0:01,,,,
,24-Apr,17:47,24-Apr,18:07,MD4,Insulation failure,0:20,,,,
,24-Apr,18:10,24-Apr,18:20,MD4,Insulation failure,0:10,,,,
,24-Apr,18:27,24-Apr,18:30,MC4,Insulation failure,0:03,,,,
,27-Apr,7:15,27-Apr,7:24,MB2,Insulation failure,0:09,,,,
,27-Apr,8:24,27-Apr,8:32,MB2,Insulation failure,0:08,,,,
,27-Apr,9:15,27-Apr,9:19,MA5,Insulation failure,0:04,,,,
,27-Apr,9:45,27-Apr,10:08,MA5,Insulation failure,0:23,,,,
,27-Apr,17:42,27-Apr,17:43,MA4,Insulation failure,0:01,,,,
,28-Apr,9:17,28-Apr,9:35,MB3,Insulation failure,0:18,,,,
,28-Apr,9:43,28-Apr,9:44,MB3,Insulation failure,0:01,,,,
,28-Apr,9:49,28-Apr,10:07,MB3,Insulation failure,0:18,,,,
,30-Apr,7:33,30-Apr,7:49,MB2,Insulation failure,0:16,,,,
,30-Apr,17:14,30-Apr,17:20,MB2,Insulation failure,0:06,,,,
,1-May,7:02,1-May,7:15,MB2,Insulation failure,0:13:00,,,,
,1-May,8:47,1-May,9:31,MB2,Insulation failure,0:44:00,,,,
,1-May,14:04,1-May,14:08,MC1,Insulation failure,0:04:00,,,,
,1-May,14:09,1-May,14:10,MC4,Insulation failure,0:01:00,,,,
,1-May,14:11,1-May,14:13,MA1,Insulation failure,0:02:00,,,,
,1-May,14:18,1-May,14:24,MA1,Insulation failure,0:06:00,,,,
,1-May,14:21,1-May,14:35,MC4,Insulation failure,0:14:00,,,,
,1-May,14:23,1-May,14:25,MC2,Insulation failure,0:02:00,,,,
,1-May,14:36,1-May,14:43,MB2,Insulation failure,0:07:00,,,,
,1-May,14:58,1-May,15:07,MD3,Insulation failure,0:09:00,,,,
,1-May,15:00,1-May,15:02,MC2,Insulation failure,0:02:00,,,,
,1-May,15:11,1-May,15:15,MA5,Insulation failure,0:04:00,,,,
,1-May,15:19,1-May,15:20,MA1,Insulation failure,0:01:00,,,,
,1-May,15:31,1-May,15:32,MA1,Insulation failure,0:01:00,,,,
,1-May,15:52,1-May,16:30,MA1,Insulation failure,0:38:00,,,,
,1-May,15:59,1-May,16:27,MC2,Insulation failure,0:28:00,,,,
,1-May,16:00,1-May,16:28,MB2,Insulation failure,0:28:00,,,,
,1-May,16:16,1-May,16:33,MC5,Insulation failure,0:17:00,,,,
,1-May,16:20,1-May,16:34,MC1,Insulation failure,0:14:00,,,,
,1-May,16:42,1-May,16:52,MA1,Insulation failure,0:10:00,,,,
,1-May,16:44,1-May,16:52,MC1,Insulation failure,0:08:00,,,,
,1-May,16:48,1-May,16:51,MC2,Insulation failure,0:03:00,,,,
,1-May,17:07,1-May,17:35,MA1,Insulation failure,0:28:00,,,,
,1-May,17:10,1-May,17:40,MC1,Insulation failure,0:30:00,,,,
,1-May,17:13,1-May,17:29,MB6,Insulation failure,0:16:00,,,,
,1-May,17:48,1-May,17:51,MA1,Insulation failure,0:03:00,,,,
,1-May,18:23,1-May,18:43,MA4,Insulation failure,0:20:00,,,,
,1-May,18:27,1-May,18:43,MA1,Insulation failure,0:16:00,,,,
,2-May,7:06,2-May,8:48,MA4,Insulation failure,1:42:00,,,,
,2-May,7:33,2-May,7:45,MB2,Insulation failure,0:12:00,,,,
,2-May,8:24,2-May,8:30,MB2,Insulation failure,0:06:00,,,,
,2-May,8:33,2-May,8:58,MC2,Insulation failure,0:25:00,,,,
,3-May,7:26,3-May,7:43,MB6,Insulation failure,0:17:00,,,,
,3-May,7:53,3-May,7:55,MB6,Insulation failure,0:02:00,,,,
,3-May,7:58,3-May,8:01,MB6,Insulation failure,0:03:00,,,,
,4-May,8:20,4-May,8:24,MC1,Insulation failure,0:04:00,,,,
,4-May,8:55,4-May,8:57,MC4,Insulation failure,0:02:00,,,,
,4-May,9:33,4-May,10:01,MC1,Insulation failure,0:28:00,,,,
,4-May,9:33,4-May,10:01,MD3,Insulation failure,0:28:00,,,,
,4-May,9:42,4-May,10:09,MC4,Insulation failure,0:27:00,,,,
,4-May,10:07,4-May,10:18,MC1,Insulation failure,0:11:00,,,,
,4-May,10:41,4-May,10:49,MC4,Insulation failure,0:08:00,,,,
,5-May,7:20,5-May,7:45,MD2,Insulation failure,0:25:00,,,,
,6-May,14:53,6-May,15:12,MD1,Insulation failure,0:19:00,,,,
,6-May,15:03,6-May,15:12,MB4,Insulation failure,0:09:00,,,,
,6-May,16:23,6-May,16:24,MD3,Insulation failure,0:01:00,,,,
,6-May,16:27,6-May,16:34,MD3,Insulation failure,0:07:00,,,,
,6-May,16:59,6-May,17:02,MC2,Insulation failure,0:03:00,,,,
,7-May,8:08,7-May,8:32,MC2,Insulation failure,0:24:00,,,,
,7-May,13:28,7-May,13:29,MD3,Insulation failure,0:01:00,,,,
,7-May,13:43,7-May,13:45,MD3,Insulation failure,0:02:00,,,,
,7-May,17:01,7-May,17:08,MB6,Insulation failure,0:07:00,,,,
,7-May,17:03,7-May,17:09,MA1,Insulation failure,0:06:00,,,,
,7-May,18:38,7-May,19:06,MB3,Insulation failure,0:28:00,,,,
,8-May,8:56,8-May,9:04,MB1,Unspecified HW fault,0:08:00,,,,
,8-May,9:10,8-May,9:13,MB1,Unspecified HW fault,0:03:00,,,,
,9-May,7:55,9-May,8:04,MB1,Insulation failure,0:09:00,,,,
,9-May,8:16,9-May,8:32,MA1,Insulation failure,0:16:00,,,,
,9-May,8:19,9-May,8:31,MB1,Insulation failure,0:12:00,,,,
,9-May,9:19,9-May,9:20,MB1,Unspecified HW fault,0:01:00,,,,
,9-May,17:02,9-May,17:03,MC3,Insulation failure,0:01:00,,,,
,9-May,17:09,9-May,17:33,MC3,Insulation failure,0:24:00,,,,
,10-May,8:54,10-May,9:01,MB1,Unspecified HW fault,0:07:00,,,,
,10-May,17:14,10-May,17:21,MC3,Insulation failure,0:07:00,,,,
,11-May,7:24,11-May,7:39,MC3,Insulation failure,0:15:00,,,,
,11-May,17:19,11-May,18:46,MC3,Insulation failure,1:27:00,,,,
,12-May,7:24,12-May,7:30,MB6,Insulation failure,0:06:00,,,,
,12-May,8:42,12-May,9:59,MC3,Insulation failure,1:17:00,,,,
,12-May,11:32,12-May,11:39,MD1,Insulation failure,0:07:00,,,,
,15-May,7:03,15-May,7:21,MB6,Insulation failure,0:18:00,,,,
,15-May,9:26,15-May,9:46,MB6,Insulation failure,0:20:00,,,,
,15-May,10:17,15-May,10:18,MB6,Insulation failure,0:01:00,,,,
,15-May,10:36,15-May,10:37,MB6,Insulation failure,0:01:00,,,,
,15-May,10:58,15-May,10:59,MB6,Insulation failure,0:01:00,,,,
,15-May,11:16,15-May,11:22,MB6,Insulation failure,0:06:00,,,,
,15-May,11:26,15-May,11:27,MB6,Insulation failure,0:01:00,,,,
,15-May,11:32,15-May,11:37,MB6,Insulation failure,0:05:00,,,,
,15-May,11:41,15-May,11:44,MB6,Insulation failure,0:03:00,,,,
,15-May,11:51,15-May,11:54,MB6,Insulation failure,0:03:00,,,,
,15-May,12:06,15-May,12:37,MB6,Insulation failure,0:31:00,,,,
,15-May,12:40,15-May,14:03,MB6,Insulation failure,1:23:00,,,,
,16-May,12:41,16-May,12:42,MA5,Insulation failure,0:01:00,,,,
,16-May,13:02,16-May,13:06,MB4,Insulation failure,0:04:00,,,,
,17-May,7:06,17-May,7:27,MA3,Insulation failure,0:21:00,,,,
,17-May,7:10,17-May,7:39,MA4,Insulation failure,0:29:00,,,,
,17-May,7:24,17-May,7:52,MC6,Insulation failure,0:28:00,,,,
,17-May,8:45,17-May,9:13,MC2,Insulation failure,0:28:00,,,,
,17-May,8:45,17-May,9:13,MC6,Insulation failure,0:28:00,,,,
,17-May,8:46,17-May,9:14,MB2,Insulation failure,0:28:00,,,,
,17-May,8:51,17-May,9:19,MD5,Insulation failure,0:28:00,,,,
,17-May,9:02,17-May,9:29,MA3,Insulation failure,0:27:00,,,,
,17-May,9:23,17-May,9:31,MD5,Insulation failure,0:08:00,,,,
,17-May,9:56,17-May,10:03,MA3,Insulation failure,0:07:00,,,,
,17-May,10:01,17-May,10:29,MB5,Insulation failure,0:28:00,,,,
,17-May,10:41,17-May,10:44,MB5,Insulation failure,0:03:00,,,,
,17-May,10:49,17-May,11:00,MB2,Insulation failure,0:11:00,,,,
,17-May,11:59,17-May,12:00,MD5,Insulation failure,0:01:00,,,,
,17-May,12:16,17-May,12:34,MD1,Insulation failure,0:18:00,,,,
,17-May,13:29,17-May,13:56,MD1,Insulation failure,0:27:00,,,,
,18-May,8:21,18-May,8:29,MB2,Insulation failure,0:08:00,,,,
,18-May,8:46,18-May,8:56,MC4,Insulation failure,0:10:00,,,,
,18-May,8:51,18-May,8:52,MB2,Insulation failure,0:01:00,,,,
,18-May,17:19,18-May,17:27,MB2,Insulation failure,0:08:00,,,,
,18-May,17:38,18-May,17:40,MB2,Insulation failure,0:02:00,,,,
,19-May,9:29,19-May,9:53,MB2,Insulation failure,0:24:00,,,,
,19-May,10:11,19-May,10:39,MB2,Insulation failure,0:28:00,,,,
,19-May,12:14,19-May,12:17,MD5,Insulation failure,0:03:00,,,,
,19-May,12:22,19-May,12:35,MD5,Insulation failure,0:13:00,,,,
,19-May,16:23,19-May,16:51,MB4,Insulation failure,0:28:00,,,,
,20-May,7:27,20-May,7:34,MB6,Insulation failure,0:07:00,,,,
,21-May,12:25,21-May,13:19,MB6,Insulation failure,0:54:00,,,,
,22-May,7:18,22-May,7:51,MC6,Insulation failure,0:33:00,,,,
,22-May,7:24,22-May,7:50,MA6,Insulation failure,0:26:00,,,,
,22-May,7:32,22-May,7:52,MB6,Insulation failure,0:20:00,,,,
,22-May,7:46,22-May,7:49,MD2,Insulation failure,0:03:00,,,,
,22-May,7:55,22-May,7:57,MB6,Insulation failure,0:02:00,,,,
,22-May,8:03,22-May,8:07,MD2,Insulation failure,0:04:00,,,,
,22-May,8:28,22-May,8:31,MD2,Insulation failure,0:03:00,,,,
,22-May,8:41,22-May,8:42,MB6,Insulation failure,0:01:00,,,,
,22-May,9:01,22-May,9:03,MD2,Insulation failure,0:02:00,,,,
,22-May,9:12,22-May,9:17,MD2,Insulation failure,0:05:00,,,,
,22-May,9:17,22-May,9:18,MB4,Insulation failure,0:01:00,,,,
,22-May,9:46,22-May,9:48,MD2,Insulation failure,0:02:00,,,,
,22-May,9:51,22-May,10:18,MB4,Insulation failure,0:27:00,,,,
,22-May,9:56,22-May,10:21,MC6,Insulation failure,0:25:00,,,,
,22-May,10:07,22-May,10:20,MD6,Insulation failure,0:13:00,,,,
,22-May,10:09,22-May,10:28,MB6,Insulation failure,0:19:00,,,,
,22-May,10:15,22-May,10:20,MD2,Insulation failure,0:05:00,,,,
,22-May,10:25,22-May,11:03,MC6,Insulation failure,0:38:00,,,,
,22-May,10:39,22-May,10:49,MB6,Insulation failure,0:10:00,,,,
,22-May,10:40,22-May,10:49,MD2,Insulation failure,0:09:00,,,,
,23-May,7:21,23-May,7:31,MD6,Insulation failure,0:10:00,,,,
,23-May,7:30,23-May,7:33,MD2,Insulation failure,0:03:00,,,,
,23-May,8:01,23-May,8:05,MB1,Insulation failure,0:04:00,,,,
,23-May,8:06,23-May,8:17,MD2,Insulation failure,0:11:00,,,,
,27-May,7:52,27-May,7:54,MD2,Insulation failure,0:02:00,,,,
,27-May,8:14,27-May,8:15,MB5,Insulation failure,0:01:00,,,,
,2-Jun,7:53,2-Jun,8:22,MB1,Insulation failure,0:29:00,,,,
,2-Jun,19:04,2-Jun,19:11,MB1,Insulation failure,0:07:00,,,,
,3-Jun,7:52,3-Jun,7:57,MC2,Insulation failure,0:05:00,,,,
,4-Jun,9:13,4-Jun,9:42,MB6,Insulation failure,0:29:00,,,,
,4-Jun,16:00,4-Jun,16:01,MB4,Insulation failure,0:01:00,,,,
,4-Jun,16:03,4-Jun,16:10,MB1,Insulation failure,0:07:00,,,,
,4-Jun,18:49,4-Jun,18:52,MB6,Insulation failure,0:03:00,,,,
,4-Jun,18:55,4-Jun,19:23,MB6,Insulation failure,0:28:00,,,,
,5-Jun,7:15,5-Jun,7:42,MB6,Insulation failure,0:27:00,,,,
,5-Jun,7:25,5-Jun,7:42,MB1,Insulation failure,0:17:00,,,,
,5-Jun,7:47,5-Jun,7:49,MB6,Insulation failure,0:02:00,,,,
,5-Jun,7:48,5-Jun,7:50,MB4,Insulation failure,0:02:00,,,,
,5-Jun,8:36,5-Jun,8:45,MB6,Insulation failure,0:09:00,,,,
,6-Jun,7:11,6-Jun,7:32,MB6,Insulation failure,0:21:00,,,,
,6-Jun,7:42,6-Jun,8:11,MB1,Insulation failure,0:29:00,,,,
,6-Jun,14:12,6-Jun,14:20,MB3,Insulation failure,0:08:00,,,,
,6-Jun,14:14,6-Jun,14:39,MA6,Insulation failure,0:25:00,,,,
,6-Jun,14:26,6-Jun,14:28,MA4,Insulation failure,0:02:00,,,,
,6-Jun,14:29,6-Jun,14:31,MC2,Insulation failure,0:02:00,,,,
,6-Jun,14:33,6-Jun,14:35,MC2,Insulation failure,0:02:00,,,,
,6-Jun,14:39,6-Jun,14:58,MD5,Insulation failure,0:19:00,,,,
,6-Jun,15:02,6-Jun,15:06,MA2,Insulation failure,0:04:00,,,,
,6-Jun,15:02,6-Jun,15:13,MC2,Insulation failure,0:11:00,,,,
,6-Jun,15:06,6-Jun,15:58,MA5,Insulation failure,0:52:00,,,,
,6-Jun,15:07,6-Jun,15:15,MD6,Insulation failure,0:08:00,,,,
,6-Jun,15:12,6-Jun,15:25,MB4,Insulation failure,0:13:00,,,,
,6-Jun,15:14,6-Jun,15:18,MD5,Insulation failure,0:04:00,,,,
,6-Jun,15:16,6-Jun,15:26,MD3,Insulation failure,0:10:00,,,,
,6-Jun,15:21,6-Jun,15:34,MB2,Insulation failure,0:13:00,,,,
,6-Jun,15:23,6-Jun,16:05,MD5,Insulation failure,0:42:00,,,,
,6-Jun,15:30,6-Jun,15:32,MA6,Insulation failure,0:02:00,,,,
,6-Jun,15:31,6-Jun,15:42,MD2,Insulation failure,0:11:00,,,,
,6-Jun,15:33,6-Jun,15:37,MD2,Insulation failure,0:04:00,,,,
,6-Jun,15:38,6-Jun,15:39,MD1,Insulation failure,0:01:00,,,,
,6-Jun,15:40,6-Jun,15:43,MA6,Insulation failure,0:03:00,,,,
,6-Jun,15:44,6-Jun,15:47,MC2,Insulation failure,0:03:00,,,,
,6-Jun,15:48,6-Jun,15:50,MB1,Insulation failure,0:02:00,,,,
,6-Jun,15:49,6-Jun,15:51,MD1,Insulation failure,0:02:00,,,,
,6-Jun,15:50,6-Jun,15:52,MA3,Insulation failure,0:02:00,,,,
,6-Jun,15:53,6-Jun,16:00,MC2,Insulation failure,0:07:00,,,,
,6-Jun,16:01,6-Jun,16:03,MA3,Insulation failure,0:02:00,,,,
,6-Jun,16:03,6-Jun,16:04,MC2,Insulation failure,0:01:00,,,,
,6-Jun,16:03,6-Jun,16:08,MD1,Insulation failure,0:05:00,,,,
,6-Jun,16:07,6-Jun,18:00,MD2,Insulation failure,1:53:00,,,,
,6-Jun,16:11,6-Jun,16:15,MD6,Insulation failure,0:04:00,,,,
,6-Jun,16:13,6-Jun,16:14,MD5,Insulation failure,0:01:00,,,,
,6-Jun,16:17,6-Jun,16:21,MD6,Insulation failure,0:04:00,,,,
,6-Jun,16:23,6-Jun,16:25,MD1,Insulation failure,0:02:00,,,,
,6-Jun,16:23,6-Jun,16:24,MD5,Insulation failure,0:01:00,,,,
,6-Jun,16:26,6-Jun,16:36,MD5,Insulation failure,0:10:00,,,,
,6-Jun,16:27,6-Jun,16:29,MA6,Insulation failure,0:02:00,,,,
,6-Jun,16:27,6-Jun,16:28,MC2,Insulation failure,0:01:00,,,,
,6-Jun,16:37,6-Jun,16:43,MC2,Insulation failure,0:06:00,,,,
,6-Jun,16:43,6-Jun,16:45,MD5,Insulation failure,0:02:00,,,,
,6-Jun,16:47,6-Jun,16:50,MC2,Insulation failure,0:03:00,,,,
,6-Jun,16:55,6-Jun,17:23,MD5,Insulation failure,0:28:00,,,,
,6-Jun,17:00,6-Jun,17:25,MA6,Insulation failure,0:25:00,,,,
,6-Jun,17:03,6-Jun,17:26,MD1,Insulation failure,0:23:00,,,,
,6-Jun,17:13,6-Jun,17:25,MC2,Insulation failure,0:12:00,,,,
,6-Jun,17:26,6-Jun,17:55,MD5,Insulation failure,0:29:00,,,,
,6-Jun,17:59,6-Jun,18:01,MD5,Insulation failure,0:02:00,,,,
,6-Jun,18:06,6-Jun,18:10,MD5,Insulation failure,0:04:00,,,,
,6-Jun,18:14,6-Jun,18:19,MD5,Insulation failure,0:05:00,,,,
,6-Jun,18:27,6-Jun,18:34,MD5,Insulation failure,0:07:00,,,,
,6-Jun,18:38,6-Jun,19:18,MD5,Insulation failure,0:40:00,,,,
,7-Jun,7:31,7-Jun,7:33,MD5,Insulation failure,0:02:00,,,,
,7-Jun,7:37,7-Jun,7:41,MD1,Insulation failure,0:04:00,,,,
,7-Jun,7:43,7-Jun,7:45,MD5,Insulation failure,0:02:00,,,,
,7-Jun,7:47,7-Jun,8:03,MD6,Insulation failure,0:16:00,,,,
,7-Jun,8:03,7-Jun,8:04,MD5,Insulation failure,0:01:00,,,,
,7-Jun,8:04,7-Jun,8:08,MD1,Insulation failure,0:04:00,,,,
,7-Jun,8:13,7-Jun,8:31,MB2,Insulation failure,0:18:00,,,,
,7-Jun,8:20,7-Jun,8:27,MD6,Insulation failure,0:07:00,,,,
,7-Jun,8:37,7-Jun,8:40,MA6,Insulation failure,0:03:00,,,,
,7-Jun,8:41,7-Jun,8:45,MD6,Insulation failure,0:04:00,,,,
,7-Jun,19:06,7-Jun,19:26,MD1,Insulation failure,0:20:00,,,,
,8-Jun,7:41,8-Jun,7:52,MB1,Insulation failure,0:11:00,,,,
,8-Jun,8:44,8-Jun,8:54,MB1,Insulation failure,0:10:00,,,,
,8-Jun,9:55,8-Jun,10:06,MC4,Insulation failure,0:11:00,,,,
,8-Jun,12:11,8-Jun,12:21,MD1,Insulation failure,0:10:00,,,,
,8-Jun,12:27,8-Jun,12:29,MD1,Insulation failure,0:02:00,,,,
,8-Jun,12:33,8-Jun,13:01,MD1,Insulation failure,0:28:00,,,,
,9-Jun,8:42,9-Jun,10:01,MB2,Insulation failure,1:19:00,,,,
,10-Jun,11:07,10-Jun,11:18,MD2,Insulation failure,0:11:00,,,,
,11-Jun,7:02,11-Jun,7:21,MD3,Insulation failure,0:19:00,,,,
,11-Jun,8:06,11-Jun,8:14,MB3,Insulation failure,0:08:00,,,,
,12-Jun,7:03,12-Jun,7:26,MD3,Insulation failure,0:23:00,,,,
,12-Jun,7:41,12-Jun,7:46,MD4,Insulation failure,0:05:00,,,,
,12-Jun,7:56,12-Jun,8:13,MD3,Insulation failure,0:17:00,,,,
,12-Jun,7:59,12-Jun,8:46,MD4,Insulation failure,0:47:00,,,,
,13-Jun,7:15,13-Jun,7:43,MD3,Insulation failure,0:28:00,,,,
,13-Jun,7:22,13-Jun,7:52,MD4,Insulation failure,0:30:00,,,,
,13-Jun,8:38,13-Jun,8:52,MD4,Insulation failure,0:14:00,,,,
,14-Jun,14:12,14-Jun,14:41,MC4,Insulation failure,0:29:00,,,,
,14-Jun,15:30,14-Jun,15:33,MC4,Insulation failure,0:03:00,,,,
,14-Jun,15:51,14-Jun,17:15,MC4,Insulation failure,1:24:00,,,,
,15-Jun,10:23,15-Jun,10:51,MB3,Insulation failure,0:28:00,,,,
,15-Jun,13:34,15-Jun,14:04,MB3,Insulation failure,0:30:00,,,,
,15-Jun,15:26,15-Jun,15:35,MB3,Insulation failure,0:09:00,,,,
,15-Jun,15:47,15-Jun,15:55,MB3,Insulation failure,0:08:00,,,,
,17-Jun,9:04,17-Jun,9:07,MC4,Insulation failure,0:03:00,,,,
,17-Jun,14:12,17-Jun,14:40,MB6,Insulation failure,0:28:00,,,,
,18-Jun,7:06,18-Jun,7:34,MC6,Insulation failure,0:28:00,,,,
,20-Jun,8:22,20-Jun,8:52,MB1,Insulation failure,0:30:00,,,,
,20-Jun,8:28,20-Jun,8:43,MC3,Fast-stop DC Overcurrent triggerd,0:15:00,,,,
,20-Jun,8:49,20-Jun,9:10,MC3,Fast-stop DC Overcurrent triggerd,0:21:00,,,,
,20-Jun,9:12,20-Jun,11:27,MC3,Number of critical DC switching cycles reached,2:15:00,,,,
,21-Jun,7:11,21-Jun,7:39,MD2,Insulation failure,0:28:00,,,,
,21-Jun,7:35,21-Jun,7:49,MA2,Insulation failure,0:14:00,,,,
,21-Jun,7:56,21-Jun,8:11,MC5,Insulation failure,0:15:00,,,,
,21-Jun,8:29,21-Jun,9:19,MC5,Insulation failure,0:50:00,,,,
,21-Jun,9:35,21-Jun,9:56,MC5,Insulation failure,0:21:00,,,,
,21-Jun,1:56,21-Jun,1:58,MB1,Insulation failure,0:02:00,,,,
,23-Jun,7:29,23-Jun,7:50,MC2,Insulation failure,0:21:00,,,,
,23-Jun,8:58,23-Jun,9:27,MA2,Insulation failure,0:29:00,,,,
,25-Jun,7:22,25-Jun,7:43,MA6,Insulation failure,0:21:00,,,,
,25-Jun,8:17,25-Jun,8:22,MC2,Insulation failure,0:05:00,,,,
,26-Jun,8:12,26-Jun,8:15,MB2,Insulation failure,0:03:00,,,,
,26-Jun,9:25,26-Jun,9:34,MC2,Insulation failure,0:09:00,,,,
,27-Jun,8:03,27-Jun,8:12,MB1,Insulation failure,0:09:00,,,,
,27-Jun,12:08,27-Jun,12:14,MC5,Insulation failure,0:06:00,,,,
,27-Jun,12:52,27-Jun,13:17,MC5,Insulation failure,0:25:00,,,,
,27-Jun,18:26,27-Jun,18:54,MB2,Insulation failure,0:28:00,,,,
,27-Jun,18:28,27-Jun,18:57,MD3,Insulation failure,0:29:00,,,,
,28-Jun,7:20,28-Jun,7:38,MD3,Insulation failure,0:18:00,,,,
,28-Jun,7:32,28-Jun,7:37,MB3,Insulation failure,0:05:00,,,,
,28-Jun,7:43,28-Jun,8:00,MD3,Insulation failure,0:17:00,,,,
,28-Jun,7:56,28-Jun,8:19,MB3,Insulation failure,0:23:00,,,,
,28-Jun,8:23,28-Jun,8:33,MB3,Insulation failure,0:10:00,,,,
,28-Jun,9:19,28-Jun,9:36,MD3,Insulation failure,0:17:00,,,,
,28-Jun,13:22,28-Jun,13:30,MB2,Insulation failure,0:08:00,,,,
,28-Jun,14:26,28-Jun,14:35,MB2,Insulation failure,0:09:00,,,,
,28-Jun,14:51,28-Jun,15:12,MA4,Insulation failure,0:21:00,,,,
,28-Jun,15:51,28-Jun,16:00,MA5,Insulation failure,0:09:00,,,,
,28-Jun,15:55,28-Jun,16:00,MD3,Insulation failure,0:05:00,,,,
,29-Jun,7:14,29-Jun,7:35,MD3,Insulation failure,0:21:00,,,,
,29-Jun,7:45,29-Jun,7:46,MD3,Insulation failure,0:01:00,,,,
,29-Jun,8:18,29-Jun,8:31,MD3,Insulation failure,0:13:00,,,,
,29-Jun,8:19,29-Jun,8:27,MA5,Insulation failure,0:08:00,,,,
,29-Jun,8:36,29-Jun,8:46,MD3,Insulation failure,0:10:00,,,,
,29-Jun,8:55,29-Jun,9:24,MB5,Insulation failure,0:29:00,,,,
,29-Jun,12:18,29-Jun,12:59,MA6,Insulation failure,0:41:00,,,,
,30-Jun,7:10,30-Jun,7:31,MB3,Insulation failure,0:21:00,,,,
,30-Jun,7:35,30-Jun,7:51,MB3,Insulation failure,0:16:00,,,,
,30-Jun,7:36,30-Jun,7:37,MC6,Insulation failure,0:01:00,,,,
,30-Jun,8:03,30-Jun,8:09,MB2,Insulation failure,0:06:00,,,,
,30-Jun,8:12,30-Jun,8:32,MB2,Insulation failure,0:20:00,,,,
,30-Jun,9:27,30-Jun,9:56,MC2,Insulation failure,0:29:00,,,,
,30-Jun,13:24,30-Jun,13:26,MC2,Insulation failure,0:02:00,,,,
,30-Jun,13:24,30-Jun,13:27,MC6,Insulation failure,0:03:00,,,,
,30-Jun,13:42,30-Jun,13:45,MC2,Insulation failure,0:03:00,,,,
,1-Jul,7:17,1-Jul,7:39,MA1,Insulation failure,0:22:00,,,,
,1-Jul,7:44,1-Jul,7:53,MB1,Insulation failure,0:09:00,,,,
,1-Jul,8:28,1-Jul,8:29,MA2,Insulation failure,0:01:00,,,,
,4-Jul,7:21,4-Jul,7:46,MA2,Insulation failure,0:25:00,,,,
,4-Jul,7:21,4-Jul,7:55,MD4,Insulation failure,0:34:00,,,,
,4-Jul,8:36,4-Jul,8:37,MC2,Insulation failure,0:01:00,,,,
,4-Jul,8:39,4-Jul,9:00,MA2,Insulation failure,0:21:00,,,,
,4-Jul,8:49,4-Jul,8:50,MC2,Insulation failure,0:01:00,,,,
,4-Jul,10:38,4-Jul,10:50,MA2,Insulation failure,0:12:00,,,,
,4-Jul,11:44,4-Jul,11:45,MA2,Insulation failure,0:01:00,,,,
,4-Jul,12:07,4-Jul,12:09,MA2,Insulation failure,0:02:00,,,,
,5-Jul,7:18,5-Jul,7:37,MA2,Insulation failure,0:19:00,,,,
,5-Jul,8:51,5-Jul,8:53,MA2,Insulation failure,0:02:00,,,,
,5-Jul,17:28,5-Jul,17:56,MA2,Insulation failure,0:28:00,,,,
,5-Jul,17:33,5-Jul,18:01,MB1,Insulation failure,0:28:00,,,,
,5-Jul,18:18,5-Jul,19:17,MB1,Insulation failure,0:59:00,,,,
,5-Jul,18:22,5-Jul,18:51,MA1,Insulation failure,0:29:00,,,,
,6-Jul,7:15,6-Jul,7:36,MA2,Insulation failure,0:21:00,,,,
,6-Jul,7:15,6-Jul,7:28,MA5,Insulation failure,0:13:00,,,,
,6-Jul,7:15,6-Jul,7:26,MB1,Insulation failure,0:11:00,,,,
,6-Jul,8:00,6-Jul,8:28,MB1,Insulation failure,0:28:00,,,,
,7-Jul,7:18,7-Jul,7:46,MA1,Insulation failure,0:28:00,,,,
,7-Jul,7:37,7-Jul,8:19,MA1,Insulation failure,0:42:00,,,,
,7-Jul,8:38,7-Jul,9:06,MB2,Insulation failure,0:28:00,,,,
,10-Jul,7:41,10-Jul,8:09,MC6,Insulation failure,0:28:00,,,,
,10-Jul,8:09,10-Jul,8:17,MA5,Insulation failure,0:08:00,,,,
,10-Jul,8:17,10-Jul,8:24,MD3,Insulation failure,0:07:00,,,,
,10-Jul,8:21,10-Jul,8:25,MC3,Insulation failure,0:04:00,,,,
,10-Jul,8:32,10-Jul,8:34,MA5,Insulation failure,0:02:00,,,,
,10-Jul,8:33,10-Jul,8:35,MB4,Insulation failure,0:02:00,,,,
,10-Jul,8:35,10-Jul,8:36,MC3,Insulation failure,0:01:00,,,,
,10-Jul,8:47,10-Jul,8:53,MC3,Insulation failure,0:06:00,,,,
,10-Jul,8:56,10-Jul,9:25,MB4,Insulation failure,0:29:00,,,,
,10-Jul,9:00,10-Jul,9:28,MB1,Insulation failure,0:28:00,,,,
,10-Jul,9:00,10-Jul,9:29,MC6,Insulation failure,0:29:00,,,,
,10-Jul,9:17,10-Jul,9:45,MC3,Insulation failure,0:28:00,,,,
,10-Jul,9:27,10-Jul,9:56,MC4,Insulation failure,0:29:00,,,,
,10-Jul,9:40,10-Jul,10:08,MC6,Insulation failure,0:28:00,,,,
,10-Jul,10:12,10-Jul,10:13,MB4,Insulation failure,0:01:00,,,,
,10-Jul,10:42,10-Jul,11:32,MC2,Insulation failure,0:50:00,,,,
,10-Jul,11:48,10-Jul,12:04,MC4,Insulation failure,0:16:00,,,,
,11-Jul,7:53,11-Jul,8:22,MB1,Insulation failure,0:29:00,,,,
,11-Jul,8:51,11-Jul,9:11,MC6,Insulation failure,0:20:00,,,,
,11-Jul,9:27,11-Jul,9:31,MA3,Insulation failure,0:04:00,,,,
,11-Jul,9:46,11-Jul,10:15,MA3,Insulation failure,0:29:00,,,,
,11-Jul,10:29,11-Jul,10:48,MA3,Insulation failure,0:19:00,,,,
,11-Jul,15:46,11-Jul,15:47,MC6,Insulation failure,0:01:00,,,,
,11-Jul,15:51,11-Jul,15:54,MC6,Insulation failure,0:03:00,,,,
,11-Jul,15:56,11-Jul,16:02,MC6,Insulation failure,0:06:00,,,,
,11-Jul,16:04,11-Jul,16:12,MC6,Insulation failure,0:08:00,,,,
,11-Jul,16:14,11-Jul,16:16,MC6,Insulation failure,0:02:00,,,,
,12-Jul,7:16,12-Jul,7:42,MC4,Insulation failure,0:26:00,,,,
,12-Jul,7:19,12-Jul,7:47,MC6,Insulation failure,0:28:00,,,,
,12-Jul,8:50,12-Jul,8:57,MC6,Insulation failure,0:07:00,,,,
,12-Jul,9:08,12-Jul,9:32,MC6,Insulation failure,0:24:00,,,,
,12-Jul,12:05,12-Jul,12:07,MD3,Insulation failure,0:02:00,,,,
,12-Jul,13:10,12-Jul,13:39,MC6,Insulation failure,0:29:00,,,,
,12-Jul,13:41,12-Jul,14:05,MC6,Insulation failure,0:24:00,,,,
,12-Jul,14:37,12-Jul,14:38,MC6,Insulation failure,0:01:00,,,,
,12-Jul,14:43,12-Jul,14:44,MC6,Insulation failure,0:01:00,,,,
,12-Jul,14:50,12-Jul,14:51,MC6,Insulation failure,0:01:00,,,,
,13-Jul,7:12,13-Jul,7:34,MC4,Insulation failure,0:22:00,,,,
,13-Jul,8:24,13-Jul,8:38,MC4,Insulation failure,0:14:00,,,,
,14-Jul,8:12,14-Jul,8:40,MB1,Insulation failure,0:28:00,,,,
,14-Jul,8:28,14-Jul,8:56,MB2,Insulation failure,0:28:00,,,,
,14-Jul,8:34,14-Jul,9:02,MC3,Insulation failure,0:28:00,,,,
,15-Jul,7:48,15-Jul,7:49,MB4,Insulation failure,0:01:00,,,,
,15-Jul,8:15,15-Jul,8:29,MB4,Insulation failure,0:14:00,,,,
,15-Jul,8:53,15-Jul,8:58,MB4,Insulation failure,0:05:00,,,,
,15-Jul,12:23,15-Jul,12:38,MB6,Insulation failure,0:15:00,,,,
,15-Jul,12:37,14-Jul,12:41,MB4,Insulation failure,0:04:00,,,,
,16-Jul,7:15,16-Jul,7:31,MC4,Insulation failure,0:16:00,,,,
,16-Jul,7:46,16-Jul,7:48,MC4,Insulation failure,0:02:00,,,,
,16-Jul,8:05,16-Jul,8:06,MB2,Insulation failure,0:01:00,,,,
,16-Jul,18:25,16-Jul,18:53,MC4,Insulation failure,0:28:00,,,,
,17-Jul,7:14,17-Jul,7:35,MC4,Insulation failure,0:21:00,,,,
,17-Jul,8:24,17-Jul,8:52,MA4,Insulation failure,0:28:00,,,,
,17-Jul,8:24,17-Jul,8:25,MC4,Insulation failure,0:01:00,,,,
,17-Jul,8:31,17-Jul,8:58,MC4,Insulation failure,0:27:00,,,,
,17-Jul,9:03,17-Jul,9:27,MA4,Insulation failure,0:24:00,,,,
,17-Jul,9:03,17-Jul,9:27,MC4,Insulation failure,0:24:00,,,,
,17-Jul,14:41,17-Jul,14:43,MC4,Insulation failure,0:02:00,,,,
,17-Jul,14:49,17-Jul,14:52,MC4,Insulation failure,0:03:00,,,,
,17-Jul,14:59,17-Jul,15:03,MC4,Insulation failure,0:04:00,,,,
,18-Jul,8:11,18-Jul,8:15,MB1,Insulation failure,0:04:00,,,,
,19-Jul,7:58,19-Jul,8:02,MB1,Insulation failure,0:04:00,,,,
,19-Jul,8:25,19-Jul,8:29,MB3,Insulation failure,0:04:00,,,,
,19-Jul,8:25,19-Jul,8:28,MD2,Insulation failure,0:03:00,,,,
,19-Jul,8:26,19-Jul,8:29,MA1,Insulation failure,0:03:00,,,,
,19-Jul,8:26,19-Jul,8:29,MA4,Insulation failure,0:03:00,,,,
,19-Jul,8:26,19-Jul,8:29,MA5,Insulation failure,0:03:00,,,,
,19-Jul,8:26,19-Jul,8:28,MC5,Insulation failure,0:02:00,,,,
,19-Jul,8:27,19-Jul,8:28,MB6,Insulation failure,0:01:00,,,,
,19-Jul,8:27,19-Jul,8:28,MD1,Insulation failure,0:01:00,,,,
,19-Jul,9:15,19-Jul,9:20,MD6,Insulation failure,0:05:00,,,,
,19-Jul,9:41,19-Jul,10:03,MD6,Insulation failure,0:22:00,,,,
,19-Jul,10:26,19-Jul,10:30,MB1,Insulation failure,0:04:00,,,,
,19-Jul,11:34,19-Jul,11:39,MC3,Fast Stop DC overcurrent triggerd,0:05:00,,,,
,19-Jul,11:59,19-Jul,12:17,MC3,Fast Stop DC overcurrent triggerd,0:18:00,,,,
,19-Jul,12:28,19-Jul,12:44,MB1,Insulation failure,0:16:00,,,,
,19-Jul,12:28,19-Jul,12:42,MC3,Fast Stop DC overcurrent triggerd,0:14:00,,,,
,20-Jul,7:11,20-Jul,7:37,MB1,Insulation failure,0:26:00,,,,
,20-Jul,7:42,20-Jul,7:56,MB2,Insulation failure,0:14:00,,,,
,21-Jul,7:17,21-Jul,7:32,MB1,Insulation failure,0:15:00,,,,
,21-Jul,8:54,21-Jul,9:04,MB1,Insulation failure,0:10:00,,,,
,22-Jul,7:33,22-Jul,7:54,MB1,Insulation failure,0:21:00,,,,
,22-Jul,8:32,22-Jul,9:07,MC5,Insulation failure,0:35:00,,,,
,23-Jul,7:06,23-Jul,7:31,MB1,Insulation failure,0:25:00,,,,
,23-Jul,8:01,23-Jul,8:02,MB1,Insulation failure,0:01:00,,,,
,23-Jul,8:15,23-Jul,8:43,MB1,Insulation failure,0:28:00,,,,
,23-Jul,8:30,23-Jul,8:58,MD1,Insulation failure,0:28:00,,,,
,23-Jul,5:51,23-Jul,6:17,MD1,Insulation failure,0:26:00,,,,
,24-Jul,7:34,24-Jul,7:46,MB1,Insulation failure,0:12:00,,,,
,27-Jul,8:50,27-Jul,10:40,MB1,Insulation failure,1:50:00,,,,
,28-Jul,7:21,27-Jul,7:37,MB1,Insulation failure,0:16:00,,,,
,28-Jul,8:33,27-Jul,9:21,MA4,Insulation failure,0:48:00,,,,
,29-Jul,7:38,29-Jul,7:52,MC2,Insulation failure,0:14:00,,,,
,29-Jul,7:44,29-Jul,7:53,MC1,Insulation failure,0:09:00,,,,
,29-Jul,7:50,29-Jul,7:58,MA3,Insulation failure,0:08:00,,,,
,29-Jul,7:54,29-Jul,7:57,MC2,Insulation failure,0:03:00,,,,
,29-Jul,8:02,29-Jul,8:03,MB4,Insulation failure,0:01:00,,,,
,29-Jul,8:04,29-Jul,8:06,MC1,Insulation failure,0:02:00,,,,
,29-Jul,8:10,29-Jul,8:16,MC2,Insulation failure,0:06:00,,,,
,29-Jul,8:15,29-Jul,8:31,MD5,Insulation failure,0:16:00,,,,
,29-Jul,8:16,29-Jul,8:21,MC6,Insulation failure,0:05:00,,,,
,29-Jul,8:43,29-Jul,8:49,MB4,Insulation failure,0:06:00,,,,
,29-Jul,8:47,29-Jul,8:49,MC1,Insulation failure,0:02:00,,,,
,29-Jul,9:13,29-Jul,9:15,MB4,Insulation failure,0:02:00,,,,
,29-Jul,12:11,29-Jul,12:14,MC1,Insulation failure,0:03:00,,,,
,29-Jul,17:48,29-Jul,17:53,MB4,Insulation failure,0:05:00,,,,
,30-Jul,7:08,30-Jul,7:20,MB4,Insulation failure,0:12:00,,,,
,30-Jul,8:06,30-Jul,8:12,MC6,Insulation failure,0:06:00,,,,
,30-Jul,8:56,30-Jul,9:12,MC6,Insulation failure,0:16:00,,,,
,31-Jul,7:52,31-Jul,7:56,MB4,Insulation failure,0:04:00,,,,
,31-Jul,8:02,31-Jul,8:11,MB4,Insulation failure,0:09:00,,,,
,31-Jul,9:15,31-Jul,9:39,MB4,Insulation failure,0:24:00,,,,
,31-Jul,9:15,31-Jul,9:21,MC6,Insulation failure,0:06:00,,,,
,31-Jul,9:34,31-Jul,9:36,MC6,Insulation failure,0:02:00,,,,
,31-Jul,17:13,31-Jul,17:14,MC6,Insulation failure,0:01:00,,,,
,31-Jul,17:20,31-Jul,17:23,MC6,Insulation failure,0:03:00,,,,
,31-Jul,18:08,31-Jul,18:09,MC6,Insulation failure,0:01:00,,,,
,31-Jul,18:45,31-Jul,19:13,MC6,Insulation failure,0:28:00,,,,
,31-Jul,19:23,31-Jul,19:28,MC6,Insulation failure,0:05:00,,,,
,1-Aug,10:05,1-Aug,10:06,MC4,Insulation failure,0:01:00,,,,
,3-Aug,7:33,3-Aug,7:51,MC4,Insulation failure,0:18:00,,,,
,4-Aug,8:04,4-Aug,8:33,MD1,Insulation failure,0:29:00,,,,
,4-Aug,8:06,4-Aug,8:34,MB3,Insulation failure,0:28:00,,,,
,4-Aug,8:14,4-Aug,8:41,MA1,Insulation failure,0:27:00,,,,
,4-Aug,8:19,4-Aug,8:42,MC6,Insulation failure,0:23:00,,,,
,4-Aug,8:52,4-Aug,8:52,MA1,Insulation failure,0:00:00,,,,
,4-Aug,9:06,4-Aug,9:14,MA1,Insulation failure,0:08:00,,,,
,4-Aug,9:11,4-Aug,9:18,MD4,Insulation failure,0:07:00,,,,
,4-Aug,9:13,4-Aug,9:14,MC6,Insulation failure,0:01:00,,,,
,4-Aug,9:19,4-Aug,9:19,MA1,Insulation failure,0:00:00,,,,
,4-Aug,9:41,4-Aug,9:41,MA1,Insulation failure,0:00:00,,,,
,4-Aug,9:50,4-Aug,9:50,MA1,Insulation failure,0:00:00,,,,
,4-Aug,10:08,4-Aug,10:08,MA1,Insulation failure,0:00:00,,,,
,4-Aug,10:16,4-Aug,10:16,MA1,Insulation failure,0:00:00,,,,
,4-Aug,10:33,4-Aug,10:35,MA1,Insulation failure,0:02:00,,,,
,4-Aug,17:57,4-Aug,18:01,MA1,Insulation failure,0:04:00,,,,
,4-Aug,18:21,4-Aug,18:24,MA1,Insulation failure,0:03:00,,,,
,4-Aug,18:35,4-Aug,18:35,MA1,Insulation failure,0:00:00,,,,
,4-Aug,18:38,4-Aug,18:38,MA1,Insulation failure,0:00:00,,,,
,4-Aug,18:53,4-Aug,18:53,MA1,Insulation failure,0:00:00,,,,
,4-Aug,18:55,4-Aug,18:55,MA1,Insulation failure,0:00:00,,,,
,4-Aug,19:08,4-Aug,19:13,MA1,Insulation failure,0:05:00,,,,
,5-Aug,7:34,5-Aug,7:48,MA1,Insulation failure,0:14:00,,,,
,5-Aug,8:08,5-Aug,8:08,MA1,Insulation failure,0:00:00,,,,
,5-Aug,8:15,5-Aug,8:16,MA1,Insulation failure,0:01:00,,,,
,5-Aug,8:22,5-Aug,8:23,MA1,Insulation failure,0:01:00,,,,
,5-Aug,11:16,5-Aug,11:17,MB5,Insulation failure,0:01:00,,,,
,5-Aug,12:51,5-Aug,12:54,MB5,Insulation failure,0:03:00,,,,
,6-Aug,7:27,6-Aug,7:45,MD4,Insulation failure,0:18:00,,,,
,6-Aug,9:33,6-Aug,9:49,MD2,Insulation failure,0:16:00,,,,
,7-Aug,12:07,7-Aug,12:21,MA6,Insulation failure,0:14:00,,,,
,7-Aug,12:07,7-Aug,12:15,MC6,Insulation failure,0:08:00,,,,
,7-Aug,12:33,7-Aug,12:48,MD4,Insulation failure,0:15:00,,,,
,7-Aug,12:50,7-Aug,12:52,MC6,Insulation failure,0:02:00,,,,
,7-Aug,12:54,7-Aug,12:57,MA3,Insulation failure,0:03:00,,,,
,7-Aug,12:55,7-Aug,12:56,MC6,Insulation failure,0:01:00,,,,
,7-Aug,12:59,7-Aug,13:01,MB4,Insulation failure,0:02:00,,,,
,7-Aug,13:22,7-Aug,13:23,MA3,Insulation failure,0:01:00,,,,
,7-Aug,13:22,7-Aug,13:43,MB4,Insulation failure,0:21:00,,,,
,7-Aug,13:25,7-Aug,13:26,MC6,Insulation failure,0:01:00,,,,
,7-Aug,13:28,7-Aug,13:39,MC2,Insulation failure,0:11:00,,,,
,7-Aug,13:28,7-Aug,13:34,MD1,Insulation failure,0:06:00,,,,
,7-Aug,13:28,7-Aug,13:40,MD4,Insulation failure,0:12:00,,,,
,7-Aug,13:30,7-Aug,13:38,MC6,Insulation failure,0:08:00,,,,
,7-Aug,13:37,7-Aug,13:38,MD1,Insulation failure,0:01:00,,,,
,7-Aug,13:44,7-Aug,13:54,MC6,Insulation failure,0:10:00,,,,
,7-Aug,13:47,7-Aug,13:51,MB4,Insulation failure,0:04:00,,,,
,7-Aug,13:47,7-Aug,13:52,MD4,Insulation failure,0:05:00,,,,
,7-Aug,14:01,7-Aug,14:02,MB3,Insulation failure,0:01:00,,,,
,7-Aug,14:03,7-Aug,14:09,MA5,Insulation failure,0:06:00,,,,
,7-Aug,14:11,7-Aug,14:11,MB4,Insulation failure,0:00:00,,,,
,7-Aug,14:20,7-Aug,14:26,MB4,Insulation failure,0:06:00,,,,
,7-Aug,14:20,7-Aug,14:26,MC6,Insulation failure,0:06:00,,,,
,7-Aug,14:23,7-Aug,14:27,MA5,Insulation failure,0:04:00,,,,
,7-Aug,14:27,7-Aug,14:29,MB3,Insulation failure,0:02:00,,,,
,7-Aug,14:30,7-Aug,14:30,MC6,Insulation failure,0:00:00,,,,
,7-Aug,14:36,7-Aug,14:44,MC2,Insulation failure,0:08:00,,,,
,7-Aug,14:44,7-Aug,15:17,MC6,Insulation failure,0:33:00,,,,
,7-Aug,14:46,7-Aug,14:53,MB3,Insulation failure,0:07:00,,,,
,7-Aug,14:47,7-Aug,14:53,MB4,Insulation failure,0:06:00,,,,
,7-Aug,14:48,7-Aug,14:54,MA6,Insulation failure,0:06:00,,,,
,7-Aug,14:50,7-Aug,14:56,MA5,Insulation failure,0:06:00,,,,
,7-Aug,15:00,7-Aug,15:16,MA6,Insulation failure,0:16:00,,,,
,7-Aug,15:01,7-Aug,15:22,MD1,Insulation failure,0:21:00,,,,
,7-Aug,15:08,7-Aug,15:19,MA5,Insulation failure,0:11:00,,,,
,7-Aug,15:32,7-Aug,15:37,MA6,Insulation failure,0:05:00,,,,
,7-Aug,15:33,7-Aug,15:41,MC6,Insulation failure,0:08:00,,,,
,7-Aug,15:47,7-Aug,15:47,MA6,Insulation failure,0:00:00,,,,
,7-Aug,15:48,7-Aug,15:51,MD4,Insulation failure,0:03:00,,,,
,7-Aug,16:04,7-Aug,16:07,MA5,Insulation failure,0:03:00,,,,
,7-Aug,16:50,7-Aug,16:52,MC6,Insulation failure,0:02:00,,,,
,7-Aug,17:30,7-Aug,17:33,MB4,Insulation failure,0:03:00,,,,
,7-Aug,17:59,7-Aug,18:01,MB4,Insulation failure,0:02:00,,,,
,7-Aug,18:28,7-Aug,18:31,MB3,Insulation failure,0:03:00,,,,
,8-Aug,7:17,8-Aug,7:39,MC6,Insulation failure,0:22:00,,,,
,8-Aug,7:18,8-Aug,7:38,MA4,Insulation failure,0:20:00,,,,
,8-Aug,7:54,8-Aug,8:10,MC6,Insulation failure,0:16:00,,,,
,8-Aug,8:29,8-Aug,8:34,MC6,Insulation failure,0:05:00,,,,
,10-Aug,7:12,10-Aug,7:40,MD1,Insulation failure,0:28:00,,,,
,10-Aug,13:55,10-Aug,13:55,MB6,Insulation failure,0:00:00,,,,
,10-Aug,13:58,10-Aug,14:08,MB6,Insulation failure,0:10:00,,,,
,11-Aug,9:32,11-Aug,9:37,MD1,Insulation failure,0:05:00,,,,
,11-Aug,11:22,11-Aug,11:25,MD1,Insulation failure,0:03:00,,,,
,11-Aug,11:31,11-Aug,11:35,MD1,Insulation failure,0:04:00,,,,
,11-Aug,11:44,11-Aug,11:50,MA3,Insulation failure,0:06:00,,,,
,11-Aug,11:52,11-Aug,11:56,MC6,Insulation failure,0:04:00,,,,
,11-Aug,11:53,11-Aug,12:16,MA3,Insulation failure,0:23:00,,,,
,11-Aug,11:59,11-Aug,12:04,MB3,Insulation failure,0:05:00,,,,
,11-Aug,12:06,11-Aug,12:36,MD4,Insulation failure,0:30:00,,,,
,11-Aug,12:09,11-Aug,12:13,MA5,Insulation failure,0:04:00,,,,
,11-Aug,12:09,11-Aug,12:37,MA4,Insulation failure,0:28:00,,,,
,11-Aug,12:18,11-Aug,12:36,MB3,Insulation failure,0:18:00,,,,
,11-Aug,12:19,11-Aug,12:22,MD1,Insulation failure,0:03:00,,,,
,11-Aug,12:27,11-Aug,12:56,MA5,Insulation failure,0:29:00,,,,
,11-Aug,12:41,11-Aug,13:09,MA4,Insulation failure,0:28:00,,,,
,11-Aug,12:50,11-Aug,13:52,MD1,Insulation failure,1:02:00,,,,
,11-Aug,13:01,11-Aug,13:30,MB3,Insulation failure,0:29:00,,,,
,11-Aug,13:10,11-Aug,13:38,MD3,Insulation failure,0:28:00,,,,
,11-Aug,13:11,11-Aug,13:39,MC2,Insulation failure,0:28:00,,,,
,11-Aug,13:36,11-Aug,13:51,MA3,Insulation failure,0:15:00,,,,
,11-Aug,13:41,11-Aug,14:02,MB3,Insulation failure,0:21:00,,,,
,11-Aug,13:51,11-Aug,14:03,MA5,Insulation failure,0:12:00,,,,
,11-Aug,13:52,11-Aug,13:57,MA4,Insulation failure,0:05:00,,,,
,11-Aug,13:55,11-Aug,14:10,MD1,Insulation failure,0:15:00,,,,
,11-Aug,14:05,11-Aug,14:15,MC2,Insulation failure,0:10:00,,,,
,11-Aug,14:13,11-Aug,14:42,MA5,Insulation failure,0:29:00,,,,
,11-Aug,14:14,11-Aug,14:16,MD3,Insulation failure,0:02:00,,,,
,11-Aug,14:22,11-Aug,15:08,MD1,Insulation failure,0:46:00,,,,
,11-Aug,14:37,11-Aug,15:05,MC3,Insulation failure,0:28:00,,,,
,11-Aug,14:39,11-Aug,16:08,MA4,Insulation failure,1:29:00,,,,
,11-Aug,14:46,11-Aug,15:06,MA5,Insulation failure,0:20:00,,,,
,11-Aug,14:50,11-Aug,15:07,MB3,Insulation failure,0:17:00,,,,
,11-Aug,15:16,11-Aug,17:13,MD1,Insulation failure,1:57:00,,,,
,11-Aug,15:17,11-Aug,15:42,MB3,Insulation failure,0:25:00,,,,
,11-Aug,15:20,11-Aug,15:43,MB4,Insulation failure,0:23:00,,,,
,11-Aug,15:39,11-Aug,16:07,MA5,Insulation failure,0:28:00,,,,
,11-Aug,17:20,11-Aug,17:48,MA3,Insulation failure,0:28:00,,,,
,12-Aug,7:29,12-Aug,7:49,MA5,Insulation failure,0:20:00,,,,
,12-Aug,7:35,12-Aug,7:50,MD3,Insulation failure,0:15:00,,,,
,12-Aug,8:05,12-Aug,8:14,MA4,Insulation failure,0:09:00,,,,
,12-Aug,8:23,12-Aug,9:16,MB5,Insulation failure,0:53:00,,,,
,12-Aug,8:29,12-Aug,8:32,MA4,Insulation failure,0:03:00,,,,
,12-Aug,8:51,12-Aug,9:16,MA4,Insulation failure,0:25:00,,,,
,12-Aug,17:36,12-Aug,17:39,MD4,Insulation failure,0:03:00,,,,
,13-Aug,7:40,13-Aug,7:52,MD4,Insulation failure,0:12:00,,,,
,13-Aug,8:30,13-Aug,8:37,MD4,Insulation failure,0:07:00,,,,
,13-Aug,8:55,13-Aug,8:57,MD4,Insulation failure,0:02:00,,,,
,13-Aug,9:02,13-Aug,9:03,MD4,Insulation failure,0:01:00,,,,
,13-Aug,9:17,13-Aug,9:22,MD4,Insulation failure,0:05:00,,,,
,13-Aug,10:50,13-Aug,11:01,MD4,Insulation failure,0:11:00,,,,
,13-Aug,13:37,13-Aug,13:39,MD1,Insulation failure,0:02:00,,,,
,15-Aug,8:44,15-Aug,8:47,MD2,Insulation failure,0:03:00,,,,
,18-Aug,7:34,18-Aug,7:50,MB4,Insulation failure,0:16:00,,,,
,19-Aug,7:12,19-Aug,7:56,MB2,Insulation failure,0:44:00,,,,
,19-Aug,7:12,19-Aug,7:23,MD3,Insulation failure,0:11:00,,,,
,20-Aug,10:43,20-Aug,10:44,MD2,Insulation failure,0:01:00,,,,
,20-Aug,10:47,20-Aug,10:51,MD4,Insulation failure,0:04:00,,,,
,20-Aug,10:53,20-Aug,10:54,MB4,Insulation failure,0:01:00,,,,
,20-Aug,10:57,20-Aug,11:01,MB6,Insulation failure,0:04:00,,,,
,20-Aug,11:02,20-Aug,11:13,MD5,Insulation failure,0:11:00,,,,
,20-Aug,11:09,20-Aug,11:10,MA3,Insulation failure,0:01:00,,,,
,20-Aug,11:32,20-Aug,11:37,MA4,Insulation failure,0:05:00,,,,
,20-Aug,11:37,20-Aug,11:59,MD6,Insulation failure,0:22:00,,,,
,20-Aug,13:03,20-Aug,13:06,MA4,Insulation failure,0:03:00,,,,
,20-Aug,13:15,20-Aug,13:52,MA4,Insulation failure,0:37:00,,,,
,20-Aug,13:32,20-Aug,13:32,MD4,Insulation failure,0:00:00,,,,
,20-Aug,13:50,20-Aug,13:50,MD4,Insulation failure,0:00:00,,,,
,20-Aug,13:57,20-Aug,14:06,MD4,Insulation failure,0:09:00,,,,
,22-Aug,7:17,22-Aug,7:45,MD6,Insulation failure,0:28:00,,,,
,24-Aug,7:15,24-Aug,7:34,MB4,Insulation failure,0:19:00,,,,
,24-Aug,7:36,24-Aug,8:04,MD3,Insulation failure,0:28:00,,,,
,24-Aug,7:40,24-Aug,8:08,MC5,Insulation failure,0:28:00,,,,
,24-Aug,9:53,24-Aug,10:22,MC5,Insulation failure,0:29:00,,,,
,24-Aug,10:58,24-Aug,11:27,MC5,Insulation failure,0:29:00,,,,
,24-Aug,12:17,24-Aug,12:17,MC5,Insulation failure,0:00:00,,,,
,24-Aug,12:28,24-Aug,12:28,MC5,Insulation failure,0:00:00,,,,
,24-Aug,12:36,24-Aug,12:36,MC5,Insulation failure,0:00:00,,,,
,24-Aug,17:54,24-Aug,18:22,MD5,Insulation failure,0:28:00,,,,
,24-Aug,18:11,24-Aug,18:39,MB2,Insulation failure,0:28:00,,,,
,25-Aug,7:13,25-Aug,7:41,MC6,Insulation failure,0:28:00,,,,
,25-Aug,7:24,25-Aug,7:52,MA5,Insulation failure,0:28:00,,,,
,25-Aug,7:33,25-Aug,8:01,MD3,Insulation failure,0:28:00,,,,
,25-Aug,7:35,25-Aug,8:04,MB2,Insulation failure,0:29:00,,,,
,25-Aug,8:12,25-Aug,8:27,MC6,Insulation failure,0:15:00,,,,
,25-Aug,8:18,25-Aug,9:00,MB2,Insulation failure,0:42:00,,,,
,25-Aug,8:34,25-Aug,9:02,MC5,Insulation failure,0:28:00,,,,
,25-Aug,8:58,25-Aug,9:07,MD4,Insulation failure,0:09:00,,,,
,25-Aug,8:58,25-Aug,9:07,MD5,Insulation failure,0:09:00,,,,
,25-Aug,9:30,25-Aug,9:34,MA3,Insulation failure,0:04:00,,,,
,25-Aug,9:36,25-Aug,9:38,MC1,Insulation failure,0:02:00,,,,
,25-Aug,9:38,25-Aug,9:39,MC6,Insulation failure,0:01:00,,,,
,25-Aug,9:43,25-Aug,10:26,MC6,Insulation failure,0:43:00,,,,
,25-Aug,10:37,25-Aug,10:55,MC6,Insulation failure,0:18:00,,,,
,25-Aug,16:54,25-Aug,17:23,MC1,Insulation failure,0:29:00,,,,
,26-Aug,7:25,26-Aug,7:42,MA5,Insulation failure,0:17:00,,,,
,26-Aug,7:25,26-Aug,7:33,MB2,Insulation failure,0:08:00,,,,
,26-Aug,7:25,26-Aug,7:42,MC5,Insulation failure,0:17:00,,,,
,26-Aug,8:00,26-Aug,8:21,MB2,Insulation failure,0:21:00,,,,
,26-Aug,8:10,26-Aug,8:24,MD3,Insulation failure,0:14:00,,,,
,26-Aug,8:22,26-Aug,8:31,MC5,Insulation failure,0:09:00,,,,
,26-Aug,8:25,26-Aug,8:28,MD4,Insulation failure,0:03:00,,,,
,26-Aug,8:26,26-Aug,8:31,MC1,Insulation failure,0:05:00,,,,
,26-Aug,8:34,26-Aug,8:45,MC5,Insulation failure,0:11:00,,,,
,26-Aug,8:39,26-Aug,8:41,MC1,Insulation failure,0:02:00,,,,
,26-Aug,8:46,26-Aug,8:48,MB2,Insulation failure,0:02:00,,,,
,26-Aug,8:54,26-Aug,8:57,MD4,Insulation failure,0:03:00,,,,
,26-Aug,9:03,26-Aug,9:06,MC1,Insulation failure,0:03:00,,,,
,26-Aug,9:03,26-Aug,9:05,MD4,Insulation failure,0:02:00,,,,
,26-Aug,9:09,26-Aug,9:36,MD5,Insulation failure,0:27:00,,,,
,26-Aug,9:28,26-Aug,9:31,MC1,Insulation failure,0:03:00,,,,
,26-Aug,9:44,26-Aug,9:48,MD4,Insulation failure,0:04:00,,,,
,26-Aug,9:51,26-Aug,9:52,MC1,Insulation failure,0:01:00,,,,
,26-Aug,10:02,26-Aug,10:06,MC1,Insulation failure,0:04:00,,,,
,26-Aug,10:42,26-Aug,10:44,MC1,Insulation failure,0:02:00,,,,
,27-Aug,7:18,27-Aug,7:34,MD4,Insulation failure,0:16:00,,,,
,27-Aug,7:37,27-Aug,7:55,MB2,Insulation failure,0:18:00,,,,
,27-Aug,7:51,27-Aug,8:05,MD4,Insulation failure,0:14:00,,,,
,27-Aug,8:03,27-Aug,8:08,MB4,Insulation failure,0:05:00,,,,
,27-Aug,8:04,27-Aug,8:21,MC3,Insulation failure,0:17:00,,,,
,27-Aug,8:10,27-Aug,8:34,MD4,Insulation failure,0:24:00,,,,
,27-Aug,8:23,27-Aug,8:51,MB2,Insulation failure,0:28:00,,,,
,28-Aug,7:17,28-Aug,7:58,MD4,Insulation failure,0:41:00,,,,
,28-Aug,7:26,28-Aug,7:39,MB4,Insulation failure,0:13:00,,,,
,28-Aug,8:42,28-Aug,8:45,MD4,Insulation failure,0:03:00,,,,
,28-Aug,8:54,28-Aug,9:05,MD4,Insulation failure,0:11:00,,,,
,28-Aug,9:13,28-Aug,9:22,MB4,Insulation failure,0:09:00,,,,
,28-Aug,11:35,28-Aug,11:56,MD4,Insulation failure,0:21:00,,,,
,28-Aug,12:14,28-Aug,12:18,MD4,Insulation failure,0:04:00,,,,
,29-Aug,8:05,29-Aug,8:30,MB4,Insulation failure,0:25:00,,,,
,30-Aug,7:20,30-Aug,7:38,MB2,Insulation failure,0:18:00,,,,
,1-Sep,8:00,1-Sep,8:19,MC3,Insulation Failure,0:19:00,,,,
,2-Sep,7:53,2-Sep,7:58,MC3,Insulation Failure,0:05:00,,,,
,2-Sep,8:23,2-Sep,8:24,MC3,Insulation Failure,0:01:00,,,,
,2-Sep,8:27,2-Sep,8:52,MA5,Insulation Failure,0:25:00,,,,
,3-Sep,7:24,3-Sep,7:52,MC3,Insulation Failure,0:28:00,,,,
,3-Sep,12:02,3-Sep,12:40,MC4,Insulation Failure,0:38:00,,,,
,4-Sep,7:16,4-Sep,7:28,MB6,Insulation Failure,0:12:00,,,,
,4-Sep,9:07,4-Sep,9:55,MB6,Insulation Failure,0:48:00,,,,
,4-Sep,11:58,4-Sep,12:26,MC4,Insulation Failure,0:28:00,,,,
,6-Sep,8:24,6-Sep,8:42,MD3,Insulation Failure,0:18:00,,,,
,7-Sep,8:00,7-Sep,8:25,MA6,Insulation Failure,0:25:00,,,,
,7-Sep,9:34,7-Sep,9:40,MD5,Insulation Failure,0:06:00,,,,
,7-Sep,9:59,7-Sep,10:01,MC5,Insulation Failure,0:02:00,,,,
,10-Sep,8:17,10-Sep,8:23,MB2,Insulation Failure,0:06:00,,,,
,10-Sep,10:43,10-Sep,11:04,MB2,Insulation Failure,0:21:00,,,,
,10-Sep,15:09,10-Sep,15:13,MD4,Insulation Failure,0:04:00,,,,
,10-Sep,15:26,10-Sep,15:29,MC4,Insulation Failure,0:03:00,,,,
,10-Sep,15:33,10-Sep,15:34,MD4,Insulation Failure,0:01:00,,,,
,10-Sep,16:07,10-Sep,16:17,MC4,Insulation Failure,0:10:00,,,,
,11-Sep,7:07,11-Sep,7:28,MD4,Insulation Failure,0:21:00,,,,
,11-Sep,7:15,11-Sep,7:21,MB6,Insulation Failure,0:06:00,,,,
,11-Sep,8:08,11-Sep,8:11,MB6,Insulation Failure,0:03:00,,,,
,12-Sep,7:24,12-Sep,7:33,MB6,Insulation Failure,0:09:00,,,,
,12-Sep,7:24,12-Sep,7:39,MC2,Insulation Failure,0:15:00,,,,
,12-Sep,7:47,12-Sep,7:59,MC2,Insulation Failure,0:12:00,,,,
,12-Sep,7:51,12-Sep,7:52,MB6,Insulation Failure,0:01:00,,,,
,12-Sep,8:21,12-Sep,8:27,MC2,Insulation Failure,0:06:00,,,,
,12-Sep,8:58,12-Sep,9:20,MC2,Insulation Failure,0:22:00,,,,
,12-Sep,9:23,12-Sep,9:23,MC3,"	Fast Stop DC overcurrent triggered",0:00:00,,,,
,13-Sep,7:08,13-Sep,7:28,MC4,Insulation Failure,0:20:00,,,,
,13-Sep,7:08,13-Sep,7:30,MD2,Insulation Failure,0:22:00,,,,
,13-Sep,7:08,13-Sep,7:32,MD3,Insulation Failure,0:24:00,,,,
,13-Sep,7:23,13-Sep,7:27,MB4,Insulation Failure,0:04:00,,,,
,13-Sep,7:24,13-Sep,7:33,MD6,Insulation Failure,0:09:00,,,,
,13-Sep,7:29,13-Sep,7:34,MD5,Insulation Failure,0:05:00,,,,
,13-Sep,7:42,13-Sep,7:47,MD5,Insulation Failure,0:05:00,,,,
,13-Sep,8:00,13-Sep,8:03,MD3,Insulation Failure,0:03:00,,,,
,13-Sep,8:00,13-Sep,8:04,MD6,Insulation Failure,0:04:00,,,,
,13-Sep,8:00,13-Sep,8:05,MD2,Insulation Failure,0:05:00,,,,
,13-Sep,8:14,13-Sep,8:20,MD5,Insulation Failure,0:06:00,,,,
,13-Sep,8:26,13-Sep,8:30,MA4,Insulation Failure,0:04:00,,,,
,13-Sep,8:30,13-Sep,8:58,MC3,Insulation Failure,0:28:00,,,,
,13-Sep,8:31,13-Sep,8:39,MB5,Insulation Failure,0:08:00,,,,
,13-Sep,8:42,13-Sep,9:13,MD2,Insulation Failure,0:31:00,,,,
,13-Sep,8:52,13-Sep,8:59,MD4,Insulation Failure,0:07:00,,,,
,13-Sep,8:58,13-Sep,9:00,MC5,Insulation Failure,0:02:00,,,,
,13-Sep,9:43,13-Sep,9:43,MD4,Insulation Failure,0:00:00,,,,
,13-Sep,9:46,13-Sep,9:46,MD3,Insulation Failure,0:00:00,,,,
,13-Sep,9:49,13-Sep,9:49,MC5,Insulation Failure,0:00:00,,,,
,13-Sep,10:52,13-Sep,12:21,MA4,Insulation Failure,1:29:00,,,,
,13-Sep,11:05,13-Sep,11:35,MC5,Insulation Failure,0:30:00,,,,
,13-Sep,11:57,13-Sep,12:40,MD3,Insulation Failure,0:43:00,,,,
,13-Sep,12:20,13-Sep,12:22,MD5,Insulation Failure,0:02:00,,,,
,13-Sep,15:17,13-Sep,15:30,MD5,Insulation Failure,0:13:00,,,,
,16-Sep,8:00,16-Sep,8:04,MB3,Insulation Failure,0:04:00,,,,
,16-Sep,12:18,16-Sep,12:20,MD2,Insulation Failure,0:02:00,,,,
,17-Sep,8:00,17-Sep,8:03,MB3,Insulation Failure,0:03:00,,,,
,17-Sep,8:31,17-Sep,8:33,MC6,Insulation Failure,0:02:00,,,,
,17-Sep,9:25,17-Sep,9:29,MA4,Insulation Failure,0:04:00,,,,
,17-Sep,14:28,17-Sep,14:38,MA1,Insulation Failure,0:10:00,,,,
,17-Sep,14:33,17-Sep,14:36,MB3,Insulation Failure,0:03:00,,,,
,17-Sep,15:08,17-Sep,15:12,MA1,Insulation Failure,0:04:00,,,,
,17-Sep,15:13,17-Sep,15:15,MC2,Insulation Failure,0:02:00,,,,
,18-Sep,7:11,18-Sep,7:39,MD4,Insulation Failure,0:28:00,,,,
,28-Sep,8:13,28-Sep,8:17,MA6,Insulation Failure,0:04:00,,,,
,1-Oct,13:10,1-Oct,13:12,MA3,Insulation Failure,0:02:00,,,,
,1-Oct,13:33,1-Oct,13:36,MB5,Insulation Failure,0:03:00,,,,
,1-Oct,13:59,1-Oct,14:22,MB3,Insulation Failure,0:23:00,,,,
,1-Oct,14:01,1-Oct,14:14,MD5,Insulation Failure,0:13:00,,,,
,1-Oct,14:19,1-Oct,14:23,MA1,Insulation Failure,0:04:00,,,,
,1-Oct,14:25,1-Oct,14:26,MC6,Insulation Failure,0:01:00,,,,
,1-Oct,14:33,1-Oct,14:54,MC6,Insulation Failure,0:21:00,,,,
,1-Oct,14:51,1-Oct,16:05,MD5,Insulation Failure,1:14:00,,,,
,1-Oct,15:04,1-Oct,15:10,MC2,Insulation Failure,0:06:00,,,,
,2-Oct,7:12,2-Oct,7:40,MC4,Insulation Failure,0:28:00,,,,
,2-Oct,7:30,2-Oct,7:55,MB4,Insulation Failure,0:25:00,,,,
,2-Oct,7:40,2-Oct,7:58,MC6,Insulation Failure,0:18:00,,,,
,2-Oct,7:48,2-Oct,7:57,MC4,Insulation Failure,0:09:00,,,,
,2-Oct,9:01,2-Oct,9:02,MC6,Insulation Failure,0:01:00,,,,
,2-Oct,9:08,2-Oct,9:08,MC6,Insulation Failure,0:00:00,,,,
,2-Oct,9:15,2-Oct,9:15,MC6,Insulation Failure,0:00:00,,,,
,2-Oct,9:27,2-Oct,9:29,MC6,Insulation Failure,0:02:00,,,,
,2-Oct,9:36,2-Oct,9:43,MC6,Insulation Failure,0:07:00,,,,
,5-Oct,9:14,5-Oct,9:15,MB6,Insulation Failure,0:01:00,,,,
,5-Oct,16:20,5-Oct,17:15,MD5,Insulation Failure,0:55:00,,,,
,6-Oct,8:00,6-Oct,8:41,MD5,Insulation Failure,0:41:00,,,,
,7-Oct,7:02,7-Oct,7:30,MD5,Insulation Failure,0:28:00,,,,
,8-Oct,12:02,8-Oct,12:02,MC6,Insulation Failure,0:00:00,,,,
,10-Oct,14:14,10-Oct,14:15,MB6,Insulation Failure,0:01:00,,,,
,10-Oct,14:26,10-Oct,14:31,MB3,Insulation Failure,0:05:00,,,,
,10-Oct,15:29,10-Oct,16:03,MB6,Insulation Failure,0:34:00,,,,
,11-Oct,7:14,11-Oct,7:42,MC2,Insulation Failure,0:28:00,,,,
,11-Oct,8:00,11-Oct,8:06,MA1,Insulation Failure,0:06:00,,,,
,15-Oct,11:14,15-Oct,11:16,MB3,Operator Performed Maintenance,0:02:00,,,,
,15-Oct,12:19,15-Oct,12:21,MA6,Insulation Failure,0:02:00,,,,
,15-Oct,12:28,15-Oct,12:33,MA6,Insulation Failure,0:05:00,,,,
,15-Oct,16:47,15-Oct,17:06,MD1,Insulation Failure,0:19:00,,,,
,16-Oct,13:36,17-Oct,17:38,MC6,DC Switch Error Faulty,28:02:00,,,,
,17-Oct,7:07,17-Oct,7:19,MD2,Insulation Failure,0:12:00,,,,
,17-Oct,7:32,17-Oct,7:46,MD2,Insulation Failure,0:14:00,,,,
,17-Oct,8:00,17-Oct,8:19,MD2,Insulation Failure,0:19:00,,,,
,17-Oct,8:27,17-Oct,8:38,MD2,Insulation Failure,0:11:00,,,,
,17-Oct,9:02,17-Oct,9:07,MD2,Insulation Failure,0:05:00,,,,
,18-Oct,7:10,18-Oct,7:38,MC4,Insulation Failure,0:28:00,,,,
,25-Oct,7:00,25-Oct,7:26,MA6,Insulation Failure,0:26:00,,,,
,25-Oct,7:00,25-Oct,7:28,MD4,Insulation Failure,0:28:00,,,,
,26-Oct,7:05,26-Oct,7:34,MA6,Insulation Failure,0:29:00,,,,
,26-Oct,8:00,26-Oct,8:15,MD5,Insulation Failure,0:15:00,,,,
,28-Oct,6:56,28-Oct,7:23,MA6,Insulation Failure,0:27:00,,,,
,28-Oct,12:50,28-Oct,12:52,MA6,Insulation Failure,0:02:00,,,,
,28-Oct,13:28,28-Oct,13:37,MD5,Insulation Failure,0:09:00,,,,
,28-Oct,17:38,28-Oct,18:07,MC4,Insulation Failure,0:29:00,,,,
,5-Nov,8:02,5-Nov,8:10,MC5,Low Insulation Resistance,0:08:00,,,,
,6-Nov,8:00,6-Nov,8:33,MA2,Low Insulation Resistance,0:33:00,,,,
,6-Nov,8:00,6-Nov,8:28,MA3,Low Insulation Resistance,0:28:00,,,,
,9-Nov,13:45,9-Nov,13:50,MB5,Low Insulation Resistance,0:05:00,,,,
,9-Nov,13:59,9-Nov,14:02,MD5,Low Insulation Resistance,0:03:00,,,,
,9-Nov,14:04,9-Nov,14:05,MA3,Low Insulation Resistance,0:01:00,,,,
,9-Nov,14:06,9-Nov,14:10,MD2,Low Insulation Resistance,0:04:00,,,,
,9-Nov,14:06,9-Nov,14:06,MD5,Low Insulation Resistance,0:00:00,,,,
,9-Nov,14:15,9-Nov,14:17,MD6,Low Insulation Resistance,0:02:00,,,,
,9-Nov,14:22,9-Nov,15:07,MD6,Low Insulation Resistance,0:45:00,,,,
,9-Nov,14:25,9-Nov,15:21,MB3,Low Insulation Resistance,0:56:00,,,,
,9-Nov,14:26,9-Nov,14:35,MD2,Low Insulation Resistance,0:09:00,,,,
,9-Nov,14:28,9-Nov,14:33,MA6,Low Insulation Resistance,0:05:00,,,,
,9-Nov,14:47,9-Nov,15:47,MD2,Low Insulation Resistance,1:00:00,,,,
,9-Nov,17:16,9-Nov,17:44,MD5,Low Insulation Resistance,0:28:00,,,,
,10-Nov,7:28,10-Nov,7:47,MC2,Low Insulation Resistance,0:19:00,,,,
,10-Nov,7:28,10-Nov,7:34,MD5,Low Insulation Resistance,0:06:00,,,,
,10-Nov,8:00,10-Nov,8:01,MA1,Low Insulation Resistance,0:01:00,,,,
,10-Nov,8:00,10-Nov,8:10,MC6,Low Insulation Resistance,0:10:00,,,,
,10-Nov,8:00,10-Nov,8:10,MD5,Low Insulation Resistance,0:10:00,,,,
,10-Nov,8:04,10-Nov,8:17,MC2,Low Insulation Resistance,0:13:00,,,,
,10-Nov,8:11,10-Nov,8:16,MC3,Low Insulation Resistance,0:05:00,,,,
,10-Nov,8:25,10-Nov,8:28,MA3,Low Insulation Resistance,0:03:00,,,,
,10-Nov,8:30,10-Nov,8:36,MB5,Low Insulation Resistance,0:06:00,,,,
,10-Nov,8:31,10-Nov,8:32,MC4,Low Insulation Resistance,0:01:00,,,,
,10-Nov,8:34,10-Nov,8:38,MC6,Low Insulation Resistance,0:04:00,,,,
,10-Nov,8:43,10-Nov,8:52,MA5,Low Insulation Resistance,0:09:00,,,,
,10-Nov,8:46,10-Nov,8:54,MC4,Low Insulation Resistance,0:08:00,,,,
,10-Nov,8:58,10-Nov,9:03,MC3,Low Insulation Resistance,0:05:00,,,,
,10-Nov,9:15,10-Nov,9:26,MC5,Low Insulation Resistance,0:11:00,,,,
,10-Nov,9:19,10-Nov,9:30,MD3,Low Insulation Resistance,0:11:00,,,,
,10-Nov,9:51,10-Nov,9:58,MA1,Low Insulation Resistance,0:07:00,,,,
,11-Nov,7:18,11-Nov,7:32,MC4,Low Insulation Resistance,0:14:00,,,,
,11-Nov,7:21,11-Nov,7:42,MC2,Low Insulation Resistance,0:21:00,,,,
,11-Nov,7:30,11-Nov,7:43,MD1,Low Insulation Resistance,0:13:00,,,,
,11-Nov,7:30,11-Nov,7:44,MD4,Low Insulation Resistance,0:14:00,,,,
,11-Nov,8:00,11-Nov,8:50,MC4,Low Insulation Resistance,0:50:00,,,,
,11-Nov,8:00,11-Nov,8:03,MB5,Low Insulation Resistance,0:03:00,,,,
,11-Nov,8:04,11-Nov,8:04,MD5,Low Insulation Resistance,0:00:00,,,,
,11-Nov,8:13,11-Nov,8:15,MB5,Low Insulation Resistance,0:02:00,,,,
,11-Nov,8:16,11-Nov,8:17,MD5,Low Insulation Resistance,0:01:00,,,,
,11-Nov,8:26,11-Nov,8:27,MC2,Low Insulation Resistance,0:01:00,,,,
,11-Nov,8:37,11-Nov,8:39,MD5,Low Insulation Resistance,0:02:00,,,,
,11-Nov,8:43,11-Nov,8:47,MC2,Low Insulation Resistance,0:04:00,,,,
,11-Nov,8:49,11-Nov,8:59,MA6,Low Insulation Resistance,0:10:00,,,,
,11-Nov,8:49,11-Nov,9:00,MD5,Low Insulation Resistance,0:11:00,,,,
,11-Nov,9:03,11-Nov,9:09,MA6,Low Insulation Resistance,0:06:00,,,,
,11-Nov,9:03,11-Nov,9:11,MB2,Low Insulation Resistance,0:08:00,,,,
,11-Nov,9:18,11-Nov,9:57,MC2,Low Insulation Resistance,0:39:00,,,,
,11-Nov,14:02,11-Nov,14:18,MD4,Low Insulation Resistance,0:16:00,,,,
,11-Nov,14:05,11-Nov,14:15,MC4,Low Insulation Resistance,0:10:00,,,,
,11-Nov,18:31,11-Nov,18:52,MA6,Low Insulation Resistance,0:21:00,,,,
,12-Nov,7:25,12-Nov,7:43,MD4,Low Insulation Resistance,0:18:00,,,,
,12-Nov,8:12,12-Nov,8:21,MD1,Low Insulation Resistance,0:09:00,,,,
,12-Nov,8:25,12-Nov,8:30,MA6,Low Insulation Resistance,0:05:00,,,,
,13-Nov,8:00,13-Nov,8:13,MD1,Low Insulation Resistance,0:13:00,,,,
,13-Nov,8:30,13-Nov,8:38,MD1,Low Insulation Resistance,0:08:00,,,,
,13-Nov,8:42,13-Nov,8:46,MD1,Low Insulation Resistance,0:04:00,,,,
,14-Nov,9:24,14-Nov,9:30,MC2,Low Insulation Resistance,0:06:00,,,,
,14-Nov,15:17,14-Nov,15:21,MC6,Low Insulation Resistance,0:04:00,,,,
,14-Nov,15:40,14-Nov,15:42,MD5,Low Insulation Resistance,0:02:00,,,,
,14-Nov,15:42,14-Nov,15:51,MC5,Low Insulation Resistance,0:09:00,,,,
,14-Nov,15:53,14-Nov,16:11,MD5,Low Insulation Resistance,0:18:00,,,,
,15-Nov,7:01,15-Nov,7:28,MC5,Low Insulation Resistance,0:27:00,,,,
,15-Nov,7:03,15-Nov,7:31,MC2,Low Insulation Resistance,0:28:00,,,,
,15-Nov,7:13,15-Nov,7:42,MA6,Low Insulation Resistance,0:29:00,,,,
,15-Nov,7:18,15-Nov,7:46,MC4,Low Insulation Resistance,0:28:00,,,,
,15-Nov,7:22,15-Nov,7:51,MC6,Low Insulation Resistance,0:29:00,,,,
,15-Nov,8:00,15-Nov,8:07,MA6,Low Insulation Resistance,0:07:00,,,,
,15-Nov,8:01,15-Nov,8:01,MC4,Low Insulation Resistance,0:00:00,,,,
,15-Nov,8:56,15-Nov,10:03,MA6,Low Insulation Resistance,1:07:00,,,,
,15-Nov,11:20,15-Nov,11:48,MC4,Low Insulation Resistance,0:28:00,,,,
,16-Nov,6:59,16-Nov,7:27,MD4,Low Insulation Resistance,0:28:00,,,,
,16-Nov,6:59,16-Nov,7:28,MD6,Low Insulation Resistance,0:29:00,,,,
,16-Nov,15:21,16-Nov,15:50,MB1,Low Insulation Resistance,0:29:00,,,,
,16-Nov,15:40,16-Nov,16:56,MD5,Low Insulation Resistance,1:16:00,,,,
,16-Nov,16:39,16-Nov,16:44,MB1,Low Insulation Resistance,0:05:00,,,,
,17-Nov,7:50,17-Nov,7:51,MD3,Low Insulation Resistance,0:01:00,,,,
,17-Nov,17:18,17-Nov,17:46,MB5,Low Insulation Resistance,0:28:00,,,,
,18-Nov,7:08,18-Nov,7:37,MB2,Low Insulation Resistance,0:29:00,,,,
,18-Nov,7:28,18-Nov,7:40,MB1,Low Insulation Resistance,0:12:00,,,,
,18-Nov,7:52,18-Nov,7:54,MB1,Low Insulation Resistance,0:02:00,,,,
,18-Nov,15:31,18-Nov,15:38,MB1,Low Insulation Resistance,0:07:00,,,,
,18-Nov,16:06,18-Nov,16:08,MD5,Low Insulation Resistance,0:02:00,,,,
,19-Nov,11:36,19-Nov,11:45,MB2,Low Insulation Resistance,0:09:00,,,,
,19-Nov,11:55,19-Nov,12:01,MD5,Low Insulation Resistance,0:06:00,,,,
,19-Nov,12:08,19-Nov,12:09,MD5,Low Insulation Resistance,0:01:00,,,,
,19-Nov,16:58,19-Nov,17:03,MB1,Low Insulation Resistance,0:05:00,,,,
,19-Nov,17:22,19-Nov,17:26,MC6,Low Insulation Resistance,0:04:00,,,,
,20-Nov,7:21,20-Nov,7:31,MB2,Low Insulation Resistance,0:10:00,,,,
,20-Nov,8:33,20-Nov,8:35,MB4,Low Insulation Resistance,0:02:00,,,,
,22-Nov,7:26,22-Nov,7:36,MA1,Low Insulation Resistance,0:10:00,,,,
,22-Nov,9:18,22-Nov,9:19,MA1,Low Insulation Resistance,0:01:00,,,,
,22-Nov,9:32,22-Nov,9:36,MA1,Low Insulation Resistance,0:04:00,,,,
,22-Nov,9:44,22-Nov,9:47,MA1,Low Insulation Resistance,0:03:00,,,,
,23-Nov,7:04,23-Nov,7:33,MC5,Low Insulation Resistance,0:29:00,,,,
,23-Nov,7:11,23-Nov,7:39,MD4,Low Insulation Resistance,0:28:00,,,,
,23-Nov,8:16,23-Nov,8:53,MD4,Low Insulation Resistance,0:37:00,,,,
,24-Nov,7:06,24-Nov,7:27,MD2,Low Insulation Resistance,0:21:00,,,,
,26-Nov,8:00,26-Nov,8:25,MA1,Low Insulation Resistance,0:25:00,,,,
,26-Nov,7:04,26-Nov,7:32,MD6,Low Insulation Resistance,0:28:00,,,,
,27-Nov,7:18,27-Nov,7:42,MA2,Low Insulation Resistance,0:24:00,,,,
,27-Nov,11:20,27-Nov,11:22,MD5,Low Insulation Resistance,0:02:00,,,,
,27-Nov,15:54,27-Nov,15:55,MD1,Low Insulation Resistance,0:01:00,,,,
,28-Nov,12:32,28-Nov,12:35,MB3,Low Insulation Resistance,0:03:00,,,,
,28-Nov,15:32,28-Nov,15:36,MB3,Low Insulation Resistance,0:04:00,,,,
,29-Nov,7:23,29-Nov,7:44,MD3,Low Insulation Resistance,0:21:00,,,,